district,period,cases,population,couverture_mcv1
BANKILARÉ,2023-01,2,716062,56.3
BANKILARÉ,2023-02,8,716062,56.3
BANKILARÉ,2023-03,7,716062,56.3
BANKILARÉ,2023-04,7,716062,56.3
BANKILARÉ,2023-05,1,716062,56.3
BANKILARÉ,2023-06,3,716062,56.3
BANKILARÉ,2023-07,2,716062,56.3
BANKILARÉ,2023-08,5,716062,56.3
BANKILARÉ,2023-09,3,716062,56.3
BANKILARÉ,2023-10,1,716062,56.3
BANKILARÉ,2023-11,2,716062,56.3
BANKILARÉ,2023-12,7,716062,56.3
BANKILARÉ,2024-01,5,716062,56.3
BANKILARÉ,2024-02,9,716062,56.3
BANKILARÉ,2024-03,9,716062,56.3
BANKILARÉ,2024-04,6,716062,56.3
BANKILARÉ,2024-05,2,716062,56.3
BANKILARÉ,2024-06,8,716062,56.3
BANKILARÉ,2024-07,5,716062,56.3
BANKILARÉ,2024-08,2,716062,56.3
BANKILARÉ,2024-09,2,716062,56.3
BANKILARÉ,2024-10,4,716062,56.3
BANKILARÉ,2024-11,2,716062,56.3
BANKILARÉ,2024-12,6,716062,56.3
BANKILARÉ,2025-01,10,716062,56.3
BANKILARÉ,2025-02,11,716062,56.3
BANKILARÉ,2025-03,5,716062,56.3
BANKILARÉ,2025-04,9,716062,56.3
BANKILARÉ,2025-05,10,716062,56.3
BANKILARÉ,2025-06,1,716062,56.3
BANKILARÉ,2025-07,2,716062,56.3
BANKILARÉ,2025-08,1,716062,56.3
BANKILARÉ,2025-09,1,716062,56.3
BANKILARÉ,2025-10,1,716062,56.3
BANKILARÉ,2025-11,6,716062,56.3
BANKILARÉ,2025-12,5,716062,56.3
BANKILARÉ,2026-01,5,716062,56.3
BANKILARÉ,2026-02,9,716062,56.3
BANKILARÉ,2026-03,9,716062,56.3
BANKILARÉ,2026-04,8,716062,56.3
BANKILARÉ,2026-05,6,716062,56.3
BANKILARÉ,2026-06,3,716062,56.3
BANKILARÉ,2026-07,27,716062,56.3
BANKILARÉ,2026-08,27,716062,56.3
Ayérou,2023-01,7,187484,51.7
Ayérou,2023-02,20,187484,51.7
Ayérou,2023-03,12,187484,51.7
Ayérou,2023-04,15,187484,51.7
Ayérou,2023-05,11,187484,51.7
Ayérou,2023-06,10,187484,51.7
Ayérou,2023-07,6,187484,51.7
Ayérou,2023-08,9,187484,51.7
Ayérou,2023-09,6,187484,51.7
Ayérou,2023-10,8,187484,51.7
Ayérou,2023-11,7,187484,51.7
Ayérou,2023-12,7,187484,51.7
Ayérou,2024-01,18,187484,51.7
Ayérou,2024-02,17,187484,51.7
Ayérou,2024-03,14,187484,51.7
Ayérou,2024-04,12,187484,51.7
Ayérou,2024-05,14,187484,51.7
Ayérou,2024-06,8,187484,51.7
Ayérou,2024-07,5,187484,51.7
Ayérou,2024-08,5,187484,51.7
Ayérou,2024-09,5,187484,51.7
Ayérou,2024-10,5,187484,51.7
Ayérou,2024-11,6,187484,51.7
Ayérou,2024-12,13,187484,51.7
Ayérou,2025-01,18,187484,51.7
Ayérou,2025-02,9,187484,51.7
Ayérou,2025-03,9,187484,51.7
Ayérou,2025-04,15,187484,51.7
Ayérou,2025-05,10,187484,51.7
Ayérou,2025-06,12,187484,51.7
Ayérou,2025-07,5,187484,51.7
Ayérou,2025-08,4,187484,51.7
Ayérou,2025-09,2,187484,51.7
Ayérou,2025-10,4,187484,51.7
Ayérou,2025-11,9,187484,51.7
Ayérou,2025-12,16,187484,51.7
Ayérou,2026-01,14,187484,51.7
Ayérou,2026-02,13,187484,51.7
Ayérou,2026-03,16,187484,51.7
Ayérou,2026-04,16,187484,51.7
Ayérou,2026-05,13,187484,51.7
Ayérou,2026-06,11,187484,51.7
Ayérou,2026-07,7,187484,51.7
Ayérou,2026-08,6,187484,51.7
Téra,2023-01,0,659353,83.5
Téra,2023-02,3,659353,83.5
Téra,2023-03,2,659353,83.5
Téra,2023-04,2,659353,83.5
Téra,2023-05,2,659353,83.5
Téra,2023-06,0,659353,83.5
Téra,2023-07,1,659353,83.5
Téra,2023-08,0,659353,83.5
Téra,2023-09,0,659353,83.5
Téra,2023-10,0,659353,83.5
Téra,2023-11,1,659353,83.5
Téra,2023-12,1,659353,83.5
Téra,2024-01,0,659353,83.5
Téra,2024-02,2,659353,83.5
Téra,2024-03,5,659353,83.5
Téra,2024-04,1,659353,83.5
Téra,2024-05,1,659353,83.5
Téra,2024-06,2,659353,83.5
Téra,2024-07,0,659353,83.5
Téra,2024-08,0,659353,83.5
Téra,2024-09,0,659353,83.5
Téra,2024-10,1,659353,83.5
Téra,2024-11,0,659353,83.5
Téra,2024-12,0,659353,83.5
Téra,2025-01,1,659353,83.5
Téra,2025-02,1,659353,83.5
Téra,2025-03,2,659353,83.5
Téra,2025-04,2,659353,83.5
Téra,2025-05,1,659353,83.5
Téra,2025-06,3,659353,83.5
Téra,2025-07,2,659353,83.5
Téra,2025-08,0,659353,83.5
Téra,2025-09,2,659353,83.5
Téra,2025-10,0,659353,83.5
Téra,2025-11,0,659353,83.5
Téra,2025-12,5,659353,83.5
Téra,2026-01,3,659353,83.5
Téra,2026-02,1,659353,83.5
Téra,2026-03,5,659353,83.5
Téra,2026-04,0,659353,83.5
Téra,2026-05,0,659353,83.5
Téra,2026-06,0,659353,83.5
Téra,2026-07,0,659353,83.5
Téra,2026-08,0,659353,83.5
Tillabéri,2023-01,2,816840,79.0
Tillabéri,2023-02,6,816840,79.0
Tillabéri,2023-03,6,816840,79.0
Tillabéri,2023-04,3,816840,79.0
Tillabéri,2023-05,7,816840,79.0
Tillabéri,2023-06,7,816840,79.0
Tillabéri,2023-07,4,816840,79.0
Tillabéri,2023-08,3,816840,79.0
Tillabéri,2023-09,1,816840,79.0
Tillabéri,2023-10,1,816840,79.0
Tillabéri,2023-11,1,816840,79.0
Tillabéri,2023-12,4,816840,79.0
Tillabéri,2024-01,3,816840,79.0
Tillabéri,2024-02,7,816840,79.0
Tillabéri,2024-03,6,816840,79.0
Tillabéri,2024-04,4,816840,79.0
Tillabéri,2024-05,4,816840,79.0
Tillabéri,2024-06,7,816840,79.0
Tillabéri,2024-07,2,816840,79.0
Tillabéri,2024-08,2,816840,79.0
Tillabéri,2024-09,2,816840,79.0
Tillabéri,2024-10,1,816840,79.0
Tillabéri,2024-11,3,816840,79.0
Tillabéri,2024-12,3,816840,79.0
Tillabéri,2025-01,3,816840,79.0
Tillabéri,2025-02,4,816840,79.0
Tillabéri,2025-03,6,816840,79.0
Tillabéri,2025-04,6,816840,79.0
Tillabéri,2025-05,5,816840,79.0
Tillabéri,2025-06,2,816840,79.0
Tillabéri,2025-07,1,816840,79.0
Tillabéri,2025-08,2,816840,79.0
Tillabéri,2025-09,1,816840,79.0
Tillabéri,2025-10,2,816840,79.0
Tillabéri,2025-11,5,816840,79.0
Tillabéri,2025-12,3,816840,79.0
Tillabéri,2026-01,5,816840,79.0
Tillabéri,2026-02,5,816840,79.0
Tillabéri,2026-03,5,816840,79.0
Tillabéri,2026-04,12,816840,79.0
Tillabéri,2026-05,9,816840,79.0
Tillabéri,2026-06,3,816840,79.0
Tillabéri,2026-07,4,816840,79.0
Tillabéri,2026-08,1,816840,79.0
Gothèye,2023-01,3,386828,61.2
Gothèye,2023-02,3,386828,61.2
Gothèye,2023-03,6,386828,61.2
Gothèye,2023-04,4,386828,61.2
Gothèye,2023-05,6,386828,61.2
Gothèye,2023-06,4,386828,61.2
Gothèye,2023-07,0,386828,61.2
Gothèye,2023-08,0,386828,61.2
Gothèye,2023-09,1,386828,61.2
Gothèye,2023-10,1,386828,61.2
Gothèye,2023-11,0,386828,61.2
Gothèye,2023-12,1,386828,61.2
Gothèye,2024-01,3,386828,61.2
Gothèye,2024-02,5,386828,61.2
Gothèye,2024-03,2,386828,61.2
Gothèye,2024-04,3,386828,61.2
Gothèye,2024-05,3,386828,61.2
Gothèye,2024-06,4,386828,61.2
Gothèye,2024-07,4,386828,61.2
Gothèye,2024-08,1,386828,61.2
Gothèye,2024-09,1,386828,61.2
Gothèye,2024-10,0,386828,61.2
Gothèye,2024-11,4,386828,61.2
Gothèye,2024-12,1,386828,61.2
Gothèye,2025-01,6,386828,61.2
Gothèye,2025-02,7,386828,61.2
Gothèye,2025-03,3,386828,61.2
Gothèye,2025-04,5,386828,61.2
Gothèye,2025-05,4,386828,61.2
Gothèye,2025-06,6,386828,61.2
Gothèye,2025-07,2,386828,61.2
Gothèye,2025-08,2,386828,61.2
Gothèye,2025-09,2,386828,61.2
Gothèye,2025-10,1,386828,61.2
Gothèye,2025-11,3,386828,61.2
Gothèye,2025-12,5,386828,61.2
Gothèye,2026-01,6,386828,61.2
Gothèye,2026-02,5,386828,61.2
Gothèye,2026-03,3,386828,61.2
Gothèye,2026-04,11,386828,61.2
Gothèye,2026-05,3,386828,61.2
Gothèye,2026-06,3,386828,61.2
Gothèye,2026-07,0,386828,61.2
Gothèye,2026-08,1,386828,61.2
TORODI,2023-01,2,426281,66.5
TORODI,2023-02,3,426281,66.5
TORODI,2023-03,5,426281,66.5
TORODI,2023-04,2,426281,66.5
TORODI,2023-05,1,426281,66.5
TORODI,2023-06,2,426281,66.5
TORODI,2023-07,0,426281,66.5
TORODI,2023-08,0,426281,66.5
TORODI,2023-09,0,426281,66.5
TORODI,2023-10,1,426281,66.5
TORODI,2023-11,1,426281,66.5
TORODI,2023-12,3,426281,66.5
TORODI,2024-01,4,426281,66.5
TORODI,2024-02,2,426281,66.5
TORODI,2024-03,6,426281,66.5
TORODI,2024-04,4,426281,66.5
TORODI,2024-05,3,426281,66.5
TORODI,2024-06,3,426281,66.5
TORODI,2024-07,2,426281,66.5
TORODI,2024-08,2,426281,66.5
TORODI,2024-09,1,426281,66.5
TORODI,2024-10,1,426281,66.5
TORODI,2024-11,1,426281,66.5
TORODI,2024-12,4,426281,66.5
TORODI,2025-01,0,426281,66.5
TORODI,2025-02,2,426281,66.5
TORODI,2025-03,5,426281,66.5
TORODI,2025-04,1,426281,66.5
TORODI,2025-05,2,426281,66.5
TORODI,2025-06,2,426281,66.5
TORODI,2025-07,2,426281,66.5
TORODI,2025-08,2,426281,66.5
TORODI,2025-09,1,426281,66.5
TORODI,2025-10,3,426281,66.5
TORODI,2025-11,1,426281,66.5
TORODI,2025-12,2,426281,66.5
TORODI,2026-01,4,426281,66.5
TORODI,2026-02,3,426281,66.5
TORODI,2026-03,4,426281,66.5
TORODI,2026-04,3,426281,66.5
TORODI,2026-05,3,426281,66.5
TORODI,2026-06,3,426281,66.5
TORODI,2026-07,4,426281,66.5
TORODI,2026-08,1,426281,66.5
Ouallam,2023-01,3,774864,75.5
Ouallam,2023-02,6,774864,75.5
Ouallam,2023-03,6,774864,75.5
Ouallam,2023-04,6,774864,75.5
Ouallam,2023-05,4,774864,75.5
Ouallam,2023-06,1,774864,75.5
Ouallam,2023-07,5,774864,75.5
Ouallam,2023-08,0,774864,75.5
Ouallam,2023-09,3,774864,75.5
Ouallam,2023-10,6,774864,75.5
Ouallam,2023-11,0,774864,75.5
Ouallam,2023-12,4,774864,75.5
Ouallam,2024-01,7,774864,75.5
Ouallam,2024-02,2,774864,75.5
Ouallam,2024-03,5,774864,75.5
Ouallam,2024-04,4,774864,75.5
Ouallam,2024-05,2,774864,75.5
Ouallam,2024-06,3,774864,75.5
Ouallam,2024-07,2,774864,75.5
Ouallam,2024-08,4,774864,75.5
Ouallam,2024-09,0,774864,75.5
Ouallam,2024-10,2,774864,75.5
Ouallam,2024-11,2,774864,75.5
Ouallam,2024-12,6,774864,75.5
Ouallam,2025-01,4,774864,75.5
Ouallam,2025-02,5,774864,75.5
Ouallam,2025-03,7,774864,75.5
Ouallam,2025-04,9,774864,75.5
Ouallam,2025-05,1,774864,75.5
Ouallam,2025-06,5,774864,75.5
Ouallam,2025-07,4,774864,75.5
Ouallam,2025-08,3,774864,75.5
Ouallam,2025-09,0,774864,75.5
Ouallam,2025-10,4,774864,75.5
Ouallam,2025-11,3,774864,75.5
Ouallam,2025-12,4,774864,75.5
Ouallam,2026-01,6,774864,75.5
Ouallam,2026-02,2,774864,75.5
Ouallam,2026-03,5,774864,75.5
Ouallam,2026-04,4,774864,75.5
Ouallam,2026-05,3,774864,75.5
Ouallam,2026-06,4,774864,75.5
Ouallam,2026-07,2,774864,75.5
Ouallam,2026-08,2,774864,75.5
Banibangou,2023-01,5,893793,75.6
Banibangou,2023-02,4,893793,75.6
Banibangou,2023-03,4,893793,75.6
Banibangou,2023-04,3,893793,75.6
Banibangou,2023-05,2,893793,75.6
Banibangou,2023-06,1,893793,75.6
Banibangou,2023-07,5,893793,75.6
Banibangou,2023-08,3,893793,75.6
Banibangou,2023-09,1,893793,75.6
Banibangou,2023-10,1,893793,75.6
Banibangou,2023-11,1,893793,75.6
Banibangou,2023-12,1,893793,75.6
Banibangou,2024-01,4,893793,75.6
Banibangou,2024-02,3,893793,75.6
Banibangou,2024-03,2,893793,75.6
Banibangou,2024-04,5,893793,75.6
Banibangou,2024-05,2,893793,75.6
Banibangou,2024-06,2,893793,75.6
Banibangou,2024-07,0,893793,75.6
Banibangou,2024-08,1,893793,75.6
Banibangou,2024-09,3,893793,75.6
Banibangou,2024-10,0,893793,75.6
Banibangou,2024-11,0,893793,75.6
Banibangou,2024-12,0,893793,75.6
Banibangou,2025-01,3,893793,75.6
Banibangou,2025-02,4,893793,75.6
Banibangou,2025-03,1,893793,75.6
Banibangou,2025-04,2,893793,75.6
Banibangou,2025-05,2,893793,75.6
Banibangou,2025-06,3,893793,75.6
Banibangou,2025-07,2,893793,75.6
Banibangou,2025-08,2,893793,75.6
Banibangou,2025-09,1,893793,75.6
Banibangou,2025-10,0,893793,75.6
Banibangou,2025-11,0,893793,75.6
Banibangou,2025-12,4,893793,75.6
Banibangou,2026-01,2,893793,75.6
Banibangou,2026-02,3,893793,75.6
Banibangou,2026-03,5,893793,75.6
Banibangou,2026-04,2,893793,75.6
Banibangou,2026-05,3,893793,75.6
Banibangou,2026-06,3,893793,75.6
Banibangou,2026-07,15,893793,75.6
Banibangou,2026-08,10,893793,75.6
Niamey,2023-01,4,777974,76.2
Niamey,2023-02,4,777974,76.2
Niamey,2023-03,5,777974,76.2
Niamey,2023-04,2,777974,76.2
Niamey,2023-05,3,777974,76.2
Niamey,2023-06,1,777974,76.2
Niamey,2023-07,0,777974,76.2
Niamey,2023-08,2,777974,76.2
Niamey,2023-09,0,777974,76.2
Niamey,2023-10,1,777974,76.2
Niamey,2023-11,3,777974,76.2
Niamey,2023-12,7,777974,76.2
Niamey,2024-01,4,777974,76.2
Niamey,2024-02,3,777974,76.2
Niamey,2024-03,8,777974,76.2
Niamey,2024-04,3,777974,76.2
Niamey,2024-05,2,777974,76.2
Niamey,2024-06,5,777974,76.2
Niamey,2024-07,3,777974,76.2
Niamey,2024-08,0,777974,76.2
Niamey,2024-09,1,777974,76.2
Niamey,2024-10,0,777974,76.2
Niamey,2024-11,2,777974,76.2
Niamey,2024-12,3,777974,76.2
Niamey,2025-01,5,777974,76.2
Niamey,2025-02,7,777974,76.2
Niamey,2025-03,3,777974,76.2
Niamey,2025-04,6,777974,76.2
Niamey,2025-05,3,777974,76.2
Niamey,2025-06,5,777974,76.2
Niamey,2025-07,3,777974,76.2
Niamey,2025-08,2,777974,76.2
Niamey,2025-09,1,777974,76.2
Niamey,2025-10,1,777974,76.2
Niamey,2025-11,1,777974,76.2
Niamey,2025-12,2,777974,76.2
Niamey,2026-01,2,777974,76.2
Niamey,2026-02,4,777974,76.2
Niamey,2026-03,5,777974,76.2
Niamey,2026-04,4,777974,76.2
Niamey,2026-05,4,777974,76.2
Niamey,2026-06,1,777974,76.2
Niamey,2026-07,1,777974,76.2
Niamey,2026-08,2,777974,76.2
Kollo,2023-01,2,205802,87.0
Kollo,2023-02,4,205802,87.0
Kollo,2023-03,2,205802,87.0
Kollo,2023-04,4,205802,87.0
Kollo,2023-05,2,205802,87.0
Kollo,2023-06,1,205802,87.0
Kollo,2023-07,0,205802,87.0
Kollo,2023-08,1,205802,87.0
Kollo,2023-09,0,205802,87.0
Kollo,2023-10,1,205802,87.0
Kollo,2023-11,0,205802,87.0
Kollo,2023-12,2,205802,87.0
Kollo,2024-01,4,205802,87.0
Kollo,2024-02,2,205802,87.0
Kollo,2024-03,3,205802,87.0
Kollo,2024-04,3,205802,87.0
Kollo,2024-05,2,205802,87.0
Kollo,2024-06,5,205802,87.0
Kollo,2024-07,1,205802,87.0
Kollo,2024-08,1,205802,87.0
Kollo,2024-09,0,205802,87.0
Kollo,2024-10,0,205802,87.0
Kollo,2024-11,0,205802,87.0
Kollo,2024-12,1,205802,87.0
Kollo,2025-01,5,205802,87.0
Kollo,2025-02,6,205802,87.0
Kollo,2025-03,3,205802,87.0
Kollo,2025-04,4,205802,87.0
Kollo,2025-05,0,205802,87.0
Kollo,2025-06,2,205802,87.0
Kollo,2025-07,2,205802,87.0
Kollo,2025-08,0,205802,87.0
Kollo,2025-09,1,205802,87.0
Kollo,2025-10,2,205802,87.0
Kollo,2025-11,2,205802,87.0
Kollo,2025-12,1,205802,87.0
Kollo,2026-01,1,205802,87.0
Kollo,2026-02,3,205802,87.0
Kollo,2026-03,3,205802,87.0
Kollo,2026-04,5,205802,87.0
Kollo,2026-05,2,205802,87.0
Kollo,2026-06,5,205802,87.0
Kollo,2026-07,0,205802,87.0
Kollo,2026-08,0,205802,87.0
SAY,2023-01,4,718326,45.8
SAY,2023-02,5,718326,45.8
SAY,2023-03,6,718326,45.8
SAY,2023-04,3,718326,45.8
SAY,2023-05,2,718326,45.8
SAY,2023-06,2,718326,45.8
SAY,2023-07,4,718326,45.8
SAY,2023-08,0,718326,45.8
SAY,2023-09,3,718326,45.8
SAY,2023-10,2,718326,45.8
SAY,2023-11,1,718326,45.8
SAY,2023-12,0,718326,45.8
SAY,2024-01,2,718326,45.8
SAY,2024-02,4,718326,45.8
SAY,2024-03,6,718326,45.8
SAY,2024-04,2,718326,45.8
SAY,2024-05,5,718326,45.8
SAY,2024-06,1,718326,45.8
SAY,2024-07,4,718326,45.8
SAY,2024-08,1,718326,45.8
SAY,2024-09,3,718326,45.8
SAY,2024-10,1,718326,45.8
SAY,2024-11,3,718326,45.8
SAY,2024-12,2,718326,45.8
SAY,2025-01,3,718326,45.8
SAY,2025-02,4,718326,45.8
SAY,2025-03,7,718326,45.8
SAY,2025-04,3,718326,45.8
SAY,2025-05,4,718326,45.8
SAY,2025-06,2,718326,45.8
SAY,2025-07,2,718326,45.8
SAY,2025-08,2,718326,45.8
SAY,2025-09,1,718326,45.8
SAY,2025-10,1,718326,45.8
SAY,2025-11,0,718326,45.8
SAY,2025-12,1,718326,45.8
SAY,2026-01,7,718326,45.8
SAY,2026-02,6,718326,45.8
SAY,2026-03,2,718326,45.8
SAY,2026-04,2,718326,45.8
SAY,2026-05,1,718326,45.8
SAY,2026-06,3,718326,45.8
SAY,2026-07,1,718326,45.8
SAY,2026-08,1,718326,45.8
Falmèy,2023-01,3,483921,92.1
Falmèy,2023-02,2,483921,92.1
Falmèy,2023-03,2,483921,92.1
Falmèy,2023-04,1,483921,92.1
Falmèy,2023-05,4,483921,92.1
Falmèy,2023-06,3,483921,92.1
Falmèy,2023-07,1,483921,92.1
Falmèy,2023-08,0,483921,92.1
Falmèy,2023-09,0,483921,92.1
Falmèy,2023-10,0,483921,92.1
Falmèy,2023-11,0,483921,92.1
Falmèy,2023-12,1,483921,92.1
Falmèy,2024-01,0,483921,92.1
Falmèy,2024-02,3,483921,92.1
Falmèy,2024-03,1,483921,92.1
Falmèy,2024-04,1,483921,92.1
Falmèy,2024-05,3,483921,92.1
Falmèy,2024-06,0,483921,92.1
Falmèy,2024-07,0,483921,92.1
Falmèy,2024-08,0,483921,92.1
Falmèy,2024-09,1,483921,92.1
Falmèy,2024-10,1,483921,92.1
Falmèy,2024-11,0,483921,92.1
Falmèy,2024-12,0,483921,92.1
Falmèy,2025-01,2,483921,92.1
Falmèy,2025-02,2,483921,92.1
Falmèy,2025-03,0,483921,92.1
Falmèy,2025-04,1,483921,92.1
Falmèy,2025-05,1,483921,92.1
Falmèy,2025-06,2,483921,92.1
Falmèy,2025-07,1,483921,92.1
Falmèy,2025-08,1,483921,92.1
Falmèy,2025-09,0,483921,92.1
Falmèy,2025-10,0,483921,92.1
Falmèy,2025-11,0,483921,92.1
Falmèy,2025-12,0,483921,92.1
Falmèy,2026-01,3,483921,92.1
Falmèy,2026-02,1,483921,92.1
Falmèy,2026-03,2,483921,92.1
Falmèy,2026-04,5,483921,92.1
Falmèy,2026-05,2,483921,92.1
Falmèy,2026-06,0,483921,92.1
Falmèy,2026-07,1,483921,92.1
Falmèy,2026-08,2,483921,92.1
Boboye,2023-01,13,183526,71.3
Boboye,2023-02,14,183526,71.3
Boboye,2023-03,6,183526,71.3
Boboye,2023-04,16,183526,71.3
Boboye,2023-05,11,183526,71.3
Boboye,2023-06,6,183526,71.3
Boboye,2023-07,6,183526,71.3
Boboye,2023-08,5,183526,71.3
Boboye,2023-09,3,183526,71.3
Boboye,2023-10,5,183526,71.3
Boboye,2023-11,13,183526,71.3
Boboye,2023-12,11,183526,71.3
Boboye,2024-01,9,183526,71.3
Boboye,2024-02,7,183526,71.3
Boboye,2024-03,12,183526,71.3
Boboye,2024-04,18,183526,71.3
Boboye,2024-05,11,183526,71.3
Boboye,2024-06,8,183526,71.3
Boboye,2024-07,3,183526,71.3
Boboye,2024-08,1,183526,71.3
Boboye,2024-09,2,183526,71.3
Boboye,2024-10,6,183526,71.3
Boboye,2024-11,5,183526,71.3
Boboye,2024-12,10,183526,71.3
Boboye,2025-01,14,183526,71.3
Boboye,2025-02,13,183526,71.3
Boboye,2025-03,15,183526,71.3
Boboye,2025-04,15,183526,71.3
Boboye,2025-05,11,183526,71.3
Boboye,2025-06,8,183526,71.3
Boboye,2025-07,4,183526,71.3
Boboye,2025-08,4,183526,71.3
Boboye,2025-09,2,183526,71.3
Boboye,2025-10,4,183526,71.3
Boboye,2025-11,4,183526,71.3
Boboye,2025-12,7,183526,71.3
Boboye,2026-01,14,183526,71.3
Boboye,2026-02,14,183526,71.3
Boboye,2026-03,18,183526,71.3
Boboye,2026-04,20,183526,71.3
Boboye,2026-05,13,183526,71.3
Boboye,2026-06,5,183526,71.3
Boboye,2026-07,6,183526,71.3
Boboye,2026-08,3,183526,71.3
Balléyara,2023-01,2,96754,91.0
Balléyara,2023-02,2,96754,91.0
Balléyara,2023-03,5,96754,91.0
Balléyara,2023-04,1,96754,91.0
Balléyara,2023-05,1,96754,91.0
Balléyara,2023-06,0,96754,91.0
Balléyara,2023-07,1,96754,91.0
Balléyara,2023-08,1,96754,91.0
Balléyara,2023-09,1,96754,91.0
Balléyara,2023-10,1,96754,91.0
Balléyara,2023-11,2,96754,91.0
Balléyara,2023-12,0,96754,91.0
Balléyara,2024-01,1,96754,91.0
Balléyara,2024-02,0,96754,91.0
Balléyara,2024-03,1,96754,91.0
Balléyara,2024-04,1,96754,91.0
Balléyara,2024-05,0,96754,91.0
Balléyara,2024-06,0,96754,91.0
Balléyara,2024-07,2,96754,91.0
Balléyara,2024-08,0,96754,91.0
Balléyara,2024-09,0,96754,91.0
Balléyara,2024-10,2,96754,91.0
Balléyara,2024-11,1,96754,91.0
Balléyara,2024-12,1,96754,91.0
Balléyara,2025-01,0,96754,91.0
Balléyara,2025-02,0,96754,91.0
Balléyara,2025-03,3,96754,91.0
Balléyara,2025-04,1,96754,91.0
Balléyara,2025-05,3,96754,91.0
Balléyara,2025-06,3,96754,91.0
Balléyara,2025-07,1,96754,91.0
Balléyara,2025-08,0,96754,91.0
Balléyara,2025-09,0,96754,91.0
Balléyara,2025-10,0,96754,91.0
Balléyara,2025-11,0,96754,91.0
Balléyara,2025-12,3,96754,91.0
Balléyara,2026-01,1,96754,91.0
Balléyara,2026-02,2,96754,91.0
Balléyara,2026-03,5,96754,91.0
Balléyara,2026-04,4,96754,91.0
Balléyara,2026-05,1,96754,91.0
Balléyara,2026-06,2,96754,91.0
Balléyara,2026-07,0,96754,91.0
Balléyara,2026-08,0,96754,91.0
Dosso,2023-01,7,299308,58.3
Dosso,2023-02,9,299308,58.3
Dosso,2023-03,11,299308,58.3
Dosso,2023-04,13,299308,58.3
Dosso,2023-05,17,299308,58.3
Dosso,2023-06,7,299308,58.3
Dosso,2023-07,3,299308,58.3
Dosso,2023-08,3,299308,58.3
Dosso,2023-09,5,299308,58.3
Dosso,2023-10,3,299308,58.3
Dosso,2023-11,6,299308,58.3
Dosso,2023-12,4,299308,58.3
Dosso,2024-01,10,299308,58.3
Dosso,2024-02,11,299308,58.3
Dosso,2024-03,8,299308,58.3
Dosso,2024-04,12,299308,58.3
Dosso,2024-05,9,299308,58.3
Dosso,2024-06,10,299308,58.3
Dosso,2024-07,4,299308,58.3
Dosso,2024-08,2,299308,58.3
Dosso,2024-09,1,299308,58.3
Dosso,2024-10,7,299308,58.3
Dosso,2024-11,5,299308,58.3
Dosso,2024-12,9,299308,58.3
Dosso,2025-01,16,299308,58.3
Dosso,2025-02,5,299308,58.3
Dosso,2025-03,12,299308,58.3
Dosso,2025-04,10,299308,58.3
Dosso,2025-05,5,299308,58.3
Dosso,2025-06,10,299308,58.3
Dosso,2025-07,5,299308,58.3
Dosso,2025-08,3,299308,58.3
Dosso,2025-09,3,299308,58.3
Dosso,2025-10,1,299308,58.3
Dosso,2025-11,5,299308,58.3
Dosso,2025-12,6,299308,58.3
Dosso,2026-01,6,299308,58.3
Dosso,2026-02,10,299308,58.3
Dosso,2026-03,9,299308,58.3
Dosso,2026-04,10,299308,58.3
Dosso,2026-05,5,299308,58.3
Dosso,2026-06,6,299308,58.3
Dosso,2026-07,51,299308,58.3
Dosso,2026-08,40,299308,58.3
GAYA,2023-01,3,826517,62.1
GAYA,2023-02,3,826517,62.1
GAYA,2023-03,6,826517,62.1
GAYA,2023-04,6,826517,62.1
GAYA,2023-05,6,826517,62.1
GAYA,2023-06,11,826517,62.1
GAYA,2023-07,2,826517,62.1
GAYA,2023-08,4,826517,62.1
GAYA,2023-09,3,826517,62.1
GAYA,2023-10,1,826517,62.1
GAYA,2023-11,2,826517,62.1
GAYA,2023-12,3,826517,62.1
GAYA,2024-01,0,826517,62.1
GAYA,2024-02,5,826517,62.1
GAYA,2024-03,4,826517,62.1
GAYA,2024-04,7,826517,62.1
GAYA,2024-05,8,826517,62.1
GAYA,2024-06,5,826517,62.1
GAYA,2024-07,4,826517,62.1
GAYA,2024-08,0,826517,62.1
GAYA,2024-09,0,826517,62.1
GAYA,2024-10,1,826517,62.1
GAYA,2024-11,2,826517,62.1
GAYA,2024-12,7,826517,62.1
GAYA,2025-01,4,826517,62.1
GAYA,2025-02,5,826517,62.1
GAYA,2025-03,11,826517,62.1
GAYA,2025-04,4,826517,62.1
GAYA,2025-05,6,826517,62.1
GAYA,2025-06,11,826517,62.1
GAYA,2025-07,3,826517,62.1
GAYA,2025-08,0,826517,62.1
GAYA,2025-09,0,826517,62.1
GAYA,2025-10,1,826517,62.1
GAYA,2025-11,3,826517,62.1
GAYA,2025-12,3,826517,62.1
GAYA,2026-01,4,826517,62.1
GAYA,2026-02,4,826517,62.1
GAYA,2026-03,4,826517,62.1
GAYA,2026-04,6,826517,62.1
GAYA,2026-05,5,826517,62.1
GAYA,2026-06,4,826517,62.1
GAYA,2026-07,4,826517,62.1
GAYA,2026-08,1,826517,62.1
Dioundiou,2023-01,2,436944,80.5
Dioundiou,2023-02,1,436944,80.5
Dioundiou,2023-03,7,436944,80.5
Dioundiou,2023-04,5,436944,80.5
Dioundiou,2023-05,1,436944,80.5
Dioundiou,2023-06,2,436944,80.5
Dioundiou,2023-07,1,436944,80.5
Dioundiou,2023-08,3,436944,80.5
Dioundiou,2023-09,1,436944,80.5
Dioundiou,2023-10,0,436944,80.5
Dioundiou,2023-11,1,436944,80.5
Dioundiou,2023-12,2,436944,80.5
Dioundiou,2024-01,3,436944,80.5
Dioundiou,2024-02,4,436944,80.5
Dioundiou,2024-03,4,436944,80.5
Dioundiou,2024-04,2,436944,80.5
Dioundiou,2024-05,3,436944,80.5
Dioundiou,2024-06,2,436944,80.5
Dioundiou,2024-07,1,436944,80.5
Dioundiou,2024-08,1,436944,80.5
Dioundiou,2024-09,1,436944,80.5
Dioundiou,2024-10,2,436944,80.5
Dioundiou,2024-11,1,436944,80.5
Dioundiou,2024-12,0,436944,80.5
Dioundiou,2025-01,2,436944,80.5
Dioundiou,2025-02,2,436944,80.5
Dioundiou,2025-03,4,436944,80.5
Dioundiou,2025-04,4,436944,80.5
Dioundiou,2025-05,6,436944,80.5
Dioundiou,2025-06,4,436944,80.5
Dioundiou,2025-07,1,436944,80.5
Dioundiou,2025-08,1,436944,80.5
Dioundiou,2025-09,3,436944,80.5
Dioundiou,2025-10,0,436944,80.5
Dioundiou,2025-11,1,436944,80.5
Dioundiou,2025-12,3,436944,80.5
Dioundiou,2026-01,4,436944,80.5
Dioundiou,2026-02,2,436944,80.5
Dioundiou,2026-03,3,436944,80.5
Dioundiou,2026-04,5,436944,80.5
Dioundiou,2026-05,6,436944,80.5
Dioundiou,2026-06,2,436944,80.5
Dioundiou,2026-07,1,436944,80.5
Dioundiou,2026-08,2,436944,80.5
Tibiri,2023-01,1,266799,72.6
Tibiri,2023-02,3,266799,72.6
Tibiri,2023-03,3,266799,72.6
Tibiri,2023-04,2,266799,72.6
Tibiri,2023-05,1,266799,72.6
Tibiri,2023-06,1,266799,72.6
Tibiri,2023-07,2,266799,72.6
Tibiri,2023-08,1,266799,72.6
Tibiri,2023-09,1,266799,72.6
Tibiri,2023-10,1,266799,72.6
Tibiri,2023-11,1,266799,72.6
Tibiri,2023-12,0,266799,72.6
Tibiri,2024-01,2,266799,72.6
Tibiri,2024-02,0,266799,72.6
Tibiri,2024-03,1,266799,72.6
Tibiri,2024-04,0,266799,72.6
Tibiri,2024-05,0,266799,72.6
Tibiri,2024-06,0,266799,72.6
Tibiri,2024-07,1,266799,72.6
Tibiri,2024-08,1,266799,72.6
Tibiri,2024-09,0,266799,72.6
Tibiri,2024-10,1,266799,72.6
Tibiri,2024-11,1,266799,72.6
Tibiri,2024-12,0,266799,72.6
Tibiri,2025-01,1,266799,72.6
Tibiri,2025-02,2,266799,72.6
Tibiri,2025-03,0,266799,72.6
Tibiri,2025-04,2,266799,72.6
Tibiri,2025-05,1,266799,72.6
Tibiri,2025-06,0,266799,72.6
Tibiri,2025-07,2,266799,72.6
Tibiri,2025-08,1,266799,72.6
Tibiri,2025-09,0,266799,72.6
Tibiri,2025-10,1,266799,72.6
Tibiri,2025-11,0,266799,72.6
Tibiri,2025-12,2,266799,72.6
Tibiri,2026-01,0,266799,72.6
Tibiri,2026-02,0,266799,72.6
Tibiri,2026-03,1,266799,72.6
Tibiri,2026-04,0,266799,72.6
Tibiri,2026-05,2,266799,72.6
Tibiri,2026-06,1,266799,72.6
Tibiri,2026-07,2,266799,72.6
Tibiri,2026-08,0,266799,72.6
Loga,2023-01,1,291090,88.7
Loga,2023-02,4,291090,88.7
Loga,2023-03,3,291090,88.7
Loga,2023-04,5,291090,88.7
Loga,2023-05,3,291090,88.7
Loga,2023-06,1,291090,88.7
Loga,2023-07,0,291090,88.7
Loga,2023-08,0,291090,88.7
Loga,2023-09,1,291090,88.7
Loga,2023-10,0,291090,88.7
Loga,2023-11,0,291090,88.7
Loga,2023-12,0,291090,88.7
Loga,2024-01,1,291090,88.7
Loga,2024-02,2,291090,88.7
Loga,2024-03,5,291090,88.7
Loga,2024-04,5,291090,88.7
Loga,2024-05,2,291090,88.7
Loga,2024-06,2,291090,88.7
Loga,2024-07,3,291090,88.7
Loga,2024-08,1,291090,88.7
Loga,2024-09,1,291090,88.7
Loga,2024-10,2,291090,88.7
Loga,2024-11,2,291090,88.7
Loga,2024-12,2,291090,88.7
Loga,2025-01,3,291090,88.7
Loga,2025-02,1,291090,88.7
Loga,2025-03,1,291090,88.7
Loga,2025-04,1,291090,88.7
Loga,2025-05,5,291090,88.7
Loga,2025-06,1,291090,88.7
Loga,2025-07,1,291090,88.7
Loga,2025-08,0,291090,88.7
Loga,2025-09,1,291090,88.7
Loga,2025-10,1,291090,88.7
Loga,2025-11,3,291090,88.7
Loga,2025-12,0,291090,88.7
Loga,2026-01,0,291090,88.7
Loga,2026-02,3,291090,88.7
Loga,2026-03,2,291090,88.7
Loga,2026-04,4,291090,88.7
Loga,2026-05,5,291090,88.7
Loga,2026-06,1,291090,88.7
Loga,2026-07,0,291090,88.7
Loga,2026-08,1,291090,88.7
Dogondoutchi,2023-01,4,464030,90.4
Dogondoutchi,2023-02,2,464030,90.4
Dogondoutchi,2023-03,5,464030,90.4
Dogondoutchi,2023-04,5,464030,90.4
Dogondoutchi,2023-05,6,464030,90.4
Dogondoutchi,2023-06,2,464030,90.4
Dogondoutchi,2023-07,2,464030,90.4
Dogondoutchi,2023-08,0,464030,90.4
Dogondoutchi,2023-09,0,464030,90.4
Dogondoutchi,2023-10,1,464030,90.4
Dogondoutchi,2023-11,2,464030,90.4
Dogondoutchi,2023-12,2,464030,90.4
Dogondoutchi,2024-01,3,464030,90.4
Dogondoutchi,2024-02,7,464030,90.4
Dogondoutchi,2024-03,4,464030,90.4
Dogondoutchi,2024-04,9,464030,90.4
Dogondoutchi,2024-05,3,464030,90.4
Dogondoutchi,2024-06,6,464030,90.4
Dogondoutchi,2024-07,1,464030,90.4
Dogondoutchi,2024-08,0,464030,90.4
Dogondoutchi,2024-09,3,464030,90.4
Dogondoutchi,2024-10,3,464030,90.4
Dogondoutchi,2024-11,8,464030,90.4
Dogondoutchi,2024-12,4,464030,90.4
Dogondoutchi,2025-01,1,464030,90.4
Dogondoutchi,2025-02,5,464030,90.4
Dogondoutchi,2025-03,0,464030,90.4
Dogondoutchi,2025-04,5,464030,90.4
Dogondoutchi,2025-05,6,464030,90.4
Dogondoutchi,2025-06,4,464030,90.4
Dogondoutchi,2025-07,2,464030,90.4
Dogondoutchi,2025-08,0,464030,90.4
Dogondoutchi,2025-09,2,464030,90.4
Dogondoutchi,2025-10,1,464030,90.4
Dogondoutchi,2025-11,5,464030,90.4
Dogondoutchi,2025-12,6,464030,90.4
Dogondoutchi,2026-01,7,464030,90.4
Dogondoutchi,2026-02,3,464030,90.4
Dogondoutchi,2026-03,2,464030,90.4
Dogondoutchi,2026-04,6,464030,90.4
Dogondoutchi,2026-05,4,464030,90.4
Dogondoutchi,2026-06,0,464030,90.4
Dogondoutchi,2026-07,0,464030,90.4
Dogondoutchi,2026-08,3,464030,90.4
FILINGUÉ,2023-01,1,565929,57.5
FILINGUÉ,2023-02,0,565929,57.5
FILINGUÉ,2023-03,2,565929,57.5
FILINGUÉ,2023-04,1,565929,57.5
FILINGUÉ,2023-05,2,565929,57.5
FILINGUÉ,2023-06,1,565929,57.5
FILINGUÉ,2023-07,0,565929,57.5
FILINGUÉ,2023-08,0,565929,57.5
FILINGUÉ,2023-09,0,565929,57.5
FILINGUÉ,2023-10,0,565929,57.5
FILINGUÉ,2023-11,1,565929,57.5
FILINGUÉ,2023-12,1,565929,57.5
FILINGUÉ,2024-01,1,565929,57.5
FILINGUÉ,2024-02,2,565929,57.5
FILINGUÉ,2024-03,6,565929,57.5
FILINGUÉ,2024-04,1,565929,57.5
FILINGUÉ,2024-05,1,565929,57.5
FILINGUÉ,2024-06,0,565929,57.5
FILINGUÉ,2024-07,0,565929,57.5
FILINGUÉ,2024-08,1,565929,57.5
FILINGUÉ,2024-09,1,565929,57.5
FILINGUÉ,2024-10,0,565929,57.5
FILINGUÉ,2024-11,0,565929,57.5
FILINGUÉ,2024-12,1,565929,57.5
FILINGUÉ,2025-01,3,565929,57.5
FILINGUÉ,2025-02,1,565929,57.5
FILINGUÉ,2025-03,1,565929,57.5
FILINGUÉ,2025-04,0,565929,57.5
FILINGUÉ,2025-05,2,565929,57.5
FILINGUÉ,2025-06,0,565929,57.5
FILINGUÉ,2025-07,1,565929,57.5
FILINGUÉ,2025-08,0,565929,57.5
FILINGUÉ,2025-09,0,565929,57.5
FILINGUÉ,2025-10,0,565929,57.5
FILINGUÉ,2025-11,0,565929,57.5
FILINGUÉ,2025-12,1,565929,57.5
FILINGUÉ,2026-01,1,565929,57.5
FILINGUÉ,2026-02,1,565929,57.5
FILINGUÉ,2026-03,1,565929,57.5
FILINGUÉ,2026-04,1,565929,57.5
FILINGUÉ,2026-05,1,565929,57.5
FILINGUÉ,2026-06,0,565929,57.5
FILINGUÉ,2026-07,1,565929,57.5
FILINGUÉ,2026-08,0,565929,57.5
Bagaroua,2023-01,5,259333,86.4
Bagaroua,2023-02,12,259333,86.4
Bagaroua,2023-03,6,259333,86.4
Bagaroua,2023-04,5,259333,86.4
Bagaroua,2023-05,3,259333,86.4
Bagaroua,2023-06,7,259333,86.4
Bagaroua,2023-07,1,259333,86.4
Bagaroua,2023-08,4,259333,86.4
Bagaroua,2023-09,1,259333,86.4
Bagaroua,2023-10,4,259333,86.4
Bagaroua,2023-11,3,259333,86.4
Bagaroua,2023-12,5,259333,86.4
Bagaroua,2024-01,10,259333,86.4
Bagaroua,2024-02,5,259333,86.4
Bagaroua,2024-03,6,259333,86.4
Bagaroua,2024-04,5,259333,86.4
Bagaroua,2024-05,4,259333,86.4
Bagaroua,2024-06,5,259333,86.4
Bagaroua,2024-07,2,259333,86.4
Bagaroua,2024-08,1,259333,86.4
Bagaroua,2024-09,2,259333,86.4
Bagaroua,2024-10,3,259333,86.4
Bagaroua,2024-11,3,259333,86.4
Bagaroua,2024-12,6,259333,86.4
Bagaroua,2025-01,5,259333,86.4
Bagaroua,2025-02,7,259333,86.4
Bagaroua,2025-03,7,259333,86.4
Bagaroua,2025-04,3,259333,86.4
Bagaroua,2025-05,4,259333,86.4
Bagaroua,2025-06,2,259333,86.4
Bagaroua,2025-07,3,259333,86.4
Bagaroua,2025-08,0,259333,86.4
Bagaroua,2025-09,0,259333,86.4
Bagaroua,2025-10,4,259333,86.4
Bagaroua,2025-11,3,259333,86.4
Bagaroua,2025-12,3,259333,86.4
Bagaroua,2026-01,6,259333,86.4
Bagaroua,2026-02,7,259333,86.4
Bagaroua,2026-03,8,259333,86.4
Bagaroua,2026-04,9,259333,86.4
Bagaroua,2026-05,10,259333,86.4
Bagaroua,2026-06,1,259333,86.4
Bagaroua,2026-07,36,259333,86.4
Bagaroua,2026-08,16,259333,86.4
Abala,2023-01,17,706018,68.3
Abala,2023-02,16,706018,68.3
Abala,2023-03,19,706018,68.3
Abala,2023-04,15,706018,68.3
Abala,2023-05,18,706018,68.3
Abala,2023-06,11,706018,68.3
Abala,2023-07,9,706018,68.3
Abala,2023-08,6,706018,68.3
Abala,2023-09,9,706018,68.3
Abala,2023-10,6,706018,68.3
Abala,2023-11,5,706018,68.3
Abala,2023-12,14,706018,68.3
Abala,2024-01,19,706018,68.3
Abala,2024-02,22,706018,68.3
Abala,2024-03,13,706018,68.3
Abala,2024-04,17,706018,68.3
Abala,2024-05,13,706018,68.3
Abala,2024-06,12,706018,68.3
Abala,2024-07,7,706018,68.3
Abala,2024-08,5,706018,68.3
Abala,2024-09,6,706018,68.3
Abala,2024-10,2,706018,68.3
Abala,2024-11,10,706018,68.3
Abala,2024-12,13,706018,68.3
Abala,2025-01,8,706018,68.3
Abala,2025-02,10,706018,68.3
Abala,2025-03,15,706018,68.3
Abala,2025-04,22,706018,68.3
Abala,2025-05,23,706018,68.3
Abala,2025-06,14,706018,68.3
Abala,2025-07,4,706018,68.3
Abala,2025-08,7,706018,68.3
Abala,2025-09,1,706018,68.3
Abala,2025-10,7,706018,68.3
Abala,2025-11,7,706018,68.3
Abala,2025-12,11,706018,68.3
Abala,2026-01,23,706018,68.3
Abala,2026-02,22,706018,68.3
Abala,2026-03,18,706018,68.3
Abala,2026-04,13,706018,68.3
Abala,2026-05,13,706018,68.3
Abala,2026-06,16,706018,68.3
Abala,2026-07,8,706018,68.3
Abala,2026-08,7,706018,68.3
Tillia,2023-01,10,378539,61.2
Tillia,2023-02,8,378539,61.2
Tillia,2023-03,12,378539,61.2
Tillia,2023-04,5,378539,61.2
Tillia,2023-05,11,378539,61.2
Tillia,2023-06,1,378539,61.2
Tillia,2023-07,1,378539,61.2
Tillia,2023-08,4,378539,61.2
Tillia,2023-09,1,378539,61.2
Tillia,2023-10,3,378539,61.2
Tillia,2023-11,2,378539,61.2
Tillia,2023-12,10,378539,61.2
Tillia,2024-01,5,378539,61.2
Tillia,2024-02,7,378539,61.2
Tillia,2024-03,4,378539,61.2
Tillia,2024-04,7,378539,61.2
Tillia,2024-05,3,378539,61.2
Tillia,2024-06,6,378539,61.2
Tillia,2024-07,4,378539,61.2
Tillia,2024-08,4,378539,61.2
Tillia,2024-09,2,378539,61.2
Tillia,2024-10,3,378539,61.2
Tillia,2024-11,7,378539,61.2
Tillia,2024-12,2,378539,61.2
Tillia,2025-01,7,378539,61.2
Tillia,2025-02,7,378539,61.2
Tillia,2025-03,11,378539,61.2
Tillia,2025-04,5,378539,61.2
Tillia,2025-05,5,378539,61.2
Tillia,2025-06,5,378539,61.2
Tillia,2025-07,2,378539,61.2
Tillia,2025-08,0,378539,61.2
Tillia,2025-09,3,378539,61.2
Tillia,2025-10,3,378539,61.2
Tillia,2025-11,2,378539,61.2
Tillia,2025-12,6,378539,61.2
Tillia,2026-01,5,378539,61.2
Tillia,2026-02,5,378539,61.2
Tillia,2026-03,8,378539,61.2
Tillia,2026-04,8,378539,61.2
Tillia,2026-05,3,378539,61.2
Tillia,2026-06,6,378539,61.2
Tillia,2026-07,4,378539,61.2
Tillia,2026-08,1,378539,61.2
Tahoua Ville,2023-01,1,573304,89.3
Tahoua Ville,2023-02,2,573304,89.3
Tahoua Ville,2023-03,1,573304,89.3
Tahoua Ville,2023-04,1,573304,89.3
Tahoua Ville,2023-05,1,573304,89.3
Tahoua Ville,2023-06,0,573304,89.3
Tahoua Ville,2023-07,0,573304,89.3
Tahoua Ville,2023-08,0,573304,89.3
Tahoua Ville,2023-09,0,573304,89.3
Tahoua Ville,2023-10,2,573304,89.3
Tahoua Ville,2023-11,1,573304,89.3
Tahoua Ville,2023-12,1,573304,89.3
Tahoua Ville,2024-01,2,573304,89.3
Tahoua Ville,2024-02,0,573304,89.3
Tahoua Ville,2024-03,1,573304,89.3
Tahoua Ville,2024-04,2,573304,89.3
Tahoua Ville,2024-05,2,573304,89.3
Tahoua Ville,2024-06,1,573304,89.3
Tahoua Ville,2024-07,0,573304,89.3
Tahoua Ville,2024-08,0,573304,89.3
Tahoua Ville,2024-09,0,573304,89.3
Tahoua Ville,2024-10,1,573304,89.3
Tahoua Ville,2024-11,1,573304,89.3
Tahoua Ville,2024-12,1,573304,89.3
Tahoua Ville,2025-01,3,573304,89.3
Tahoua Ville,2025-02,2,573304,89.3
Tahoua Ville,2025-03,1,573304,89.3
Tahoua Ville,2025-04,2,573304,89.3
Tahoua Ville,2025-05,2,573304,89.3
Tahoua Ville,2025-06,1,573304,89.3
Tahoua Ville,2025-07,1,573304,89.3
Tahoua Ville,2025-08,0,573304,89.3
Tahoua Ville,2025-09,0,573304,89.3
Tahoua Ville,2025-10,1,573304,89.3
Tahoua Ville,2025-11,1,573304,89.3
Tahoua Ville,2025-12,2,573304,89.3
Tahoua Ville,2026-01,2,573304,89.3
Tahoua Ville,2026-02,1,573304,89.3
Tahoua Ville,2026-03,1,573304,89.3
Tahoua Ville,2026-04,2,573304,89.3
Tahoua Ville,2026-05,1,573304,89.3
Tahoua Ville,2026-06,0,573304,89.3
Tahoua Ville,2026-07,0,573304,89.3
Tahoua Ville,2026-08,1,573304,89.3
ILLÉLA,2023-01,0,889575,84.3
ILLÉLA,2023-02,1,889575,84.3
ILLÉLA,2023-03,1,889575,84.3
ILLÉLA,2023-04,6,889575,84.3
ILLÉLA,2023-05,0,889575,84.3
ILLÉLA,2023-06,0,889575,84.3
ILLÉLA,2023-07,1,889575,84.3
ILLÉLA,2023-08,0,889575,84.3
ILLÉLA,2023-09,0,889575,84.3
ILLÉLA,2023-10,0,889575,84.3
ILLÉLA,2023-11,1,889575,84.3
ILLÉLA,2023-12,1,889575,84.3
ILLÉLA,2024-01,4,889575,84.3
ILLÉLA,2024-02,1,889575,84.3
ILLÉLA,2024-03,1,889575,84.3
ILLÉLA,2024-04,1,889575,84.3
ILLÉLA,2024-05,2,889575,84.3
ILLÉLA,2024-06,2,889575,84.3
ILLÉLA,2024-07,1,889575,84.3
ILLÉLA,2024-08,1,889575,84.3
ILLÉLA,2024-09,0,889575,84.3
ILLÉLA,2024-10,1,889575,84.3
ILLÉLA,2024-11,1,889575,84.3
ILLÉLA,2024-12,1,889575,84.3
ILLÉLA,2025-01,0,889575,84.3
ILLÉLA,2025-02,2,889575,84.3
ILLÉLA,2025-03,1,889575,84.3
ILLÉLA,2025-04,2,889575,84.3
ILLÉLA,2025-05,1,889575,84.3
ILLÉLA,2025-06,1,889575,84.3
ILLÉLA,2025-07,0,889575,84.3
ILLÉLA,2025-08,0,889575,84.3
ILLÉLA,2025-09,0,889575,84.3
ILLÉLA,2025-10,0,889575,84.3
ILLÉLA,2025-11,0,889575,84.3
ILLÉLA,2025-12,1,889575,84.3
ILLÉLA,2026-01,3,889575,84.3
ILLÉLA,2026-02,2,889575,84.3
ILLÉLA,2026-03,2,889575,84.3
ILLÉLA,2026-04,0,889575,84.3
ILLÉLA,2026-05,1,889575,84.3
ILLÉLA,2026-06,2,889575,84.3
ILLÉLA,2026-07,0,889575,84.3
ILLÉLA,2026-08,2,889575,84.3
Birni-N'Konni,2023-01,8,390921,72.2
Birni-N'Konni,2023-02,9,390921,72.2
Birni-N'Konni,2023-03,9,390921,72.2
Birni-N'Konni,2023-04,15,390921,72.2
Birni-N'Konni,2023-05,5,390921,72.2
Birni-N'Konni,2023-06,7,390921,72.2
Birni-N'Konni,2023-07,4,390921,72.2
Birni-N'Konni,2023-08,6,390921,72.2
Birni-N'Konni,2023-09,0,390921,72.2
Birni-N'Konni,2023-10,2,390921,72.2
Birni-N'Konni,2023-11,9,390921,72.2
Birni-N'Konni,2023-12,6,390921,72.2
Birni-N'Konni,2024-01,9,390921,72.2
Birni-N'Konni,2024-02,9,390921,72.2
Birni-N'Konni,2024-03,9,390921,72.2
Birni-N'Konni,2024-04,10,390921,72.2
Birni-N'Konni,2024-05,12,390921,72.2
Birni-N'Konni,2024-06,3,390921,72.2
Birni-N'Konni,2024-07,10,390921,72.2
Birni-N'Konni,2024-08,2,390921,72.2
Birni-N'Konni,2024-09,7,390921,72.2
Birni-N'Konni,2024-10,5,390921,72.2
Birni-N'Konni,2024-11,7,390921,72.2
Birni-N'Konni,2024-12,6,390921,72.2
Birni-N'Konni,2025-01,17,390921,72.2
Birni-N'Konni,2025-02,8,390921,72.2
Birni-N'Konni,2025-03,6,390921,72.2
Birni-N'Konni,2025-04,13,390921,72.2
Birni-N'Konni,2025-05,6,390921,72.2
Birni-N'Konni,2025-06,14,390921,72.2
Birni-N'Konni,2025-07,4,390921,72.2
Birni-N'Konni,2025-08,2,390921,72.2
Birni-N'Konni,2025-09,0,390921,72.2
Birni-N'Konni,2025-10,2,390921,72.2
Birni-N'Konni,2025-11,5,390921,72.2
Birni-N'Konni,2025-12,8,390921,72.2
Birni-N'Konni,2026-01,6,390921,72.2
Birni-N'Konni,2026-02,8,390921,72.2
Birni-N'Konni,2026-03,19,390921,72.2
Birni-N'Konni,2026-04,13,390921,72.2
Birni-N'Konni,2026-05,10,390921,72.2
Birni-N'Konni,2026-06,6,390921,72.2
Birni-N'Konni,2026-07,4,390921,72.2
Birni-N'Konni,2026-08,5,390921,72.2
Malbaza,2023-01,10,612559,66.4
Malbaza,2023-02,13,612559,66.4
Malbaza,2023-03,10,612559,66.4
Malbaza,2023-04,9,612559,66.4
Malbaza,2023-05,8,612559,66.4
Malbaza,2023-06,2,612559,66.4
Malbaza,2023-07,5,612559,66.4
Malbaza,2023-08,2,612559,66.4
Malbaza,2023-09,2,612559,66.4
Malbaza,2023-10,5,612559,66.4
Malbaza,2023-11,6,612559,66.4
Malbaza,2023-12,7,612559,66.4
Malbaza,2024-01,9,612559,66.4
Malbaza,2024-02,17,612559,66.4
Malbaza,2024-03,15,612559,66.4
Malbaza,2024-04,9,612559,66.4
Malbaza,2024-05,9,612559,66.4
Malbaza,2024-06,9,612559,66.4
Malbaza,2024-07,6,612559,66.4
Malbaza,2024-08,4,612559,66.4
Malbaza,2024-09,2,612559,66.4
Malbaza,2024-10,6,612559,66.4
Malbaza,2024-11,11,612559,66.4
Malbaza,2024-12,8,612559,66.4
Malbaza,2025-01,9,612559,66.4
Malbaza,2025-02,6,612559,66.4
Malbaza,2025-03,16,612559,66.4
Malbaza,2025-04,9,612559,66.4
Malbaza,2025-05,8,612559,66.4
Malbaza,2025-06,11,612559,66.4
Malbaza,2025-07,8,612559,66.4
Malbaza,2025-08,4,612559,66.4
Malbaza,2025-09,4,612559,66.4
Malbaza,2025-10,3,612559,66.4
Malbaza,2025-11,2,612559,66.4
Malbaza,2025-12,8,612559,66.4
Malbaza,2026-01,8,612559,66.4
Malbaza,2026-02,16,612559,66.4
Malbaza,2026-03,14,612559,66.4
Malbaza,2026-04,9,612559,66.4
Malbaza,2026-05,8,612559,66.4
Malbaza,2026-06,6,612559,66.4
Malbaza,2026-07,3,612559,66.4
Malbaza,2026-08,2,612559,66.4
Tassara,2023-01,6,899153,83.7
Tassara,2023-02,12,899153,83.7
Tassara,2023-03,15,899153,83.7
Tassara,2023-04,11,899153,83.7
Tassara,2023-05,11,899153,83.7
Tassara,2023-06,12,899153,83.7
Tassara,2023-07,7,899153,83.7
Tassara,2023-08,5,899153,83.7
Tassara,2023-09,1,899153,83.7
Tassara,2023-10,0,899153,83.7
Tassara,2023-11,7,899153,83.7
Tassara,2023-12,5,899153,83.7
Tassara,2024-01,20,899153,83.7
Tassara,2024-02,14,899153,83.7
Tassara,2024-03,11,899153,83.7
Tassara,2024-04,13,899153,83.7
Tassara,2024-05,10,899153,83.7
Tassara,2024-06,5,899153,83.7
Tassara,2024-07,6,899153,83.7
Tassara,2024-08,5,899153,83.7
Tassara,2024-09,2,899153,83.7
Tassara,2024-10,5,899153,83.7
Tassara,2024-11,8,899153,83.7
Tassara,2024-12,10,899153,83.7
Tassara,2025-01,14,899153,83.7
Tassara,2025-02,7,899153,83.7
Tassara,2025-03,8,899153,83.7
Tassara,2025-04,16,899153,83.7
Tassara,2025-05,14,899153,83.7
Tassara,2025-06,7,899153,83.7
Tassara,2025-07,7,899153,83.7
Tassara,2025-08,5,899153,83.7
Tassara,2025-09,2,899153,83.7
Tassara,2025-10,3,899153,83.7
Tassara,2025-11,7,899153,83.7
Tassara,2025-12,12,899153,83.7
Tassara,2026-01,7,899153,83.7
Tassara,2026-02,12,899153,83.7
Tassara,2026-03,12,899153,83.7
Tassara,2026-04,6,899153,83.7
Tassara,2026-05,10,899153,83.7
Tassara,2026-06,5,899153,83.7
Tassara,2026-07,60,899153,83.7
Tassara,2026-08,29,899153,83.7
Tahoua,2023-01,0,632881,52.9
Tahoua,2023-02,2,632881,52.9
Tahoua,2023-03,10,632881,52.9
Tahoua,2023-04,4,632881,52.9
Tahoua,2023-05,3,632881,52.9
Tahoua,2023-06,2,632881,52.9
Tahoua,2023-07,2,632881,52.9
Tahoua,2023-08,1,632881,52.9
Tahoua,2023-09,0,632881,52.9
Tahoua,2023-10,1,632881,52.9
Tahoua,2023-11,4,632881,52.9
Tahoua,2023-12,3,632881,52.9
Tahoua,2024-01,0,632881,52.9
Tahoua,2024-02,4,632881,52.9
Tahoua,2024-03,2,632881,52.9
Tahoua,2024-04,1,632881,52.9
Tahoua,2024-05,5,632881,52.9
Tahoua,2024-06,4,632881,52.9
Tahoua,2024-07,1,632881,52.9
Tahoua,2024-08,3,632881,52.9
Tahoua,2024-09,1,632881,52.9
Tahoua,2024-10,2,632881,52.9
Tahoua,2024-11,1,632881,52.9
Tahoua,2024-12,5,632881,52.9
Tahoua,2025-01,3,632881,52.9
Tahoua,2025-02,2,632881,52.9
Tahoua,2025-03,3,632881,52.9
Tahoua,2025-04,3,632881,52.9
Tahoua,2025-05,1,632881,52.9
Tahoua,2025-06,5,632881,52.9
Tahoua,2025-07,3,632881,52.9
Tahoua,2025-08,2,632881,52.9
Tahoua,2025-09,0,632881,52.9
Tahoua,2025-10,3,632881,52.9
Tahoua,2025-11,0,632881,52.9
Tahoua,2025-12,1,632881,52.9
Tahoua,2026-01,6,632881,52.9
Tahoua,2026-02,3,632881,52.9
Tahoua,2026-03,5,632881,52.9
Tahoua,2026-04,8,632881,52.9
Tahoua,2026-05,5,632881,52.9
Tahoua,2026-06,3,632881,52.9
Tahoua,2026-07,2,632881,52.9
Tahoua,2026-08,0,632881,52.9
TCHINTABARADEN,2023-01,9,140925,71.1
TCHINTABARADEN,2023-02,17,140925,71.1
TCHINTABARADEN,2023-03,9,140925,71.1
TCHINTABARADEN,2023-04,20,140925,71.1
TCHINTABARADEN,2023-05,1,140925,71.1
TCHINTABARADEN,2023-06,10,140925,71.1
TCHINTABARADEN,2023-07,4,140925,71.1
TCHINTABARADEN,2023-08,6,140925,71.1
TCHINTABARADEN,2023-09,2,140925,71.1
TCHINTABARADEN,2023-10,2,140925,71.1
TCHINTABARADEN,2023-11,3,140925,71.1
TCHINTABARADEN,2023-12,6,140925,71.1
TCHINTABARADEN,2024-01,6,140925,71.1
TCHINTABARADEN,2024-02,7,140925,71.1
TCHINTABARADEN,2024-03,8,140925,71.1
TCHINTABARADEN,2024-04,7,140925,71.1
TCHINTABARADEN,2024-05,12,140925,71.1
TCHINTABARADEN,2024-06,5,140925,71.1
TCHINTABARADEN,2024-07,4,140925,71.1
TCHINTABARADEN,2024-08,3,140925,71.1
TCHINTABARADEN,2024-09,2,140925,71.1
TCHINTABARADEN,2024-10,3,140925,71.1
TCHINTABARADEN,2024-11,7,140925,71.1
TCHINTABARADEN,2024-12,7,140925,71.1
TCHINTABARADEN,2025-01,6,140925,71.1
TCHINTABARADEN,2025-02,12,140925,71.1
TCHINTABARADEN,2025-03,9,140925,71.1
TCHINTABARADEN,2025-04,6,140925,71.1
TCHINTABARADEN,2025-05,14,140925,71.1
TCHINTABARADEN,2025-06,4,140925,71.1
TCHINTABARADEN,2025-07,2,140925,71.1
TCHINTABARADEN,2025-08,1,140925,71.1
TCHINTABARADEN,2025-09,0,140925,71.1
TCHINTABARADEN,2025-10,1,140925,71.1
TCHINTABARADEN,2025-11,5,140925,71.1
TCHINTABARADEN,2025-12,8,140925,71.1
TCHINTABARADEN,2026-01,9,140925,71.1
TCHINTABARADEN,2026-02,9,140925,71.1
TCHINTABARADEN,2026-03,13,140925,71.1
TCHINTABARADEN,2026-04,9,140925,71.1
TCHINTABARADEN,2026-05,8,140925,71.1
TCHINTABARADEN,2026-06,4,140925,71.1
TCHINTABARADEN,2026-07,4,140925,71.1
TCHINTABARADEN,2026-08,4,140925,71.1
Abalak,2023-01,1,823524,77.2
Abalak,2023-02,2,823524,77.2
Abalak,2023-03,2,823524,77.2
Abalak,2023-04,2,823524,77.2
Abalak,2023-05,2,823524,77.2
Abalak,2023-06,3,823524,77.2
Abalak,2023-07,0,823524,77.2
Abalak,2023-08,0,823524,77.2
Abalak,2023-09,0,823524,77.2
Abalak,2023-10,1,823524,77.2
Abalak,2023-11,1,823524,77.2
Abalak,2023-12,2,823524,77.2
Abalak,2024-01,1,823524,77.2
Abalak,2024-02,2,823524,77.2
Abalak,2024-03,4,823524,77.2
Abalak,2024-04,1,823524,77.2
Abalak,2024-05,4,823524,77.2
Abalak,2024-06,1,823524,77.2
Abalak,2024-07,1,823524,77.2
Abalak,2024-08,0,823524,77.2
Abalak,2024-09,1,823524,77.2
Abalak,2024-10,0,823524,77.2
Abalak,2024-11,0,823524,77.2
Abalak,2024-12,1,823524,77.2
Abalak,2025-01,0,823524,77.2
Abalak,2025-02,3,823524,77.2
Abalak,2025-03,5,823524,77.2
Abalak,2025-04,6,823524,77.2
Abalak,2025-05,1,823524,77.2
Abalak,2025-06,2,823524,77.2
Abalak,2025-07,3,823524,77.2
Abalak,2025-08,1,823524,77.2
Abalak,2025-09,0,823524,77.2
Abalak,2025-10,0,823524,77.2
Abalak,2025-11,1,823524,77.2
Abalak,2025-12,4,823524,77.2
Abalak,2026-01,2,823524,77.2
Abalak,2026-02,6,823524,77.2
Abalak,2026-03,5,823524,77.2
Abalak,2026-04,2,823524,77.2
Abalak,2026-05,2,823524,77.2
Abalak,2026-06,2,823524,77.2
Abalak,2026-07,3,823524,77.2
Abalak,2026-08,0,823524,77.2
Keita,2023-01,3,825476,71.0
Keita,2023-02,1,825476,71.0
Keita,2023-03,1,825476,71.0
Keita,2023-04,4,825476,71.0
Keita,2023-05,3,825476,71.0
Keita,2023-06,3,825476,71.0
Keita,2023-07,2,825476,71.0
Keita,2023-08,1,825476,71.0
Keita,2023-09,0,825476,71.0
Keita,2023-10,1,825476,71.0
Keita,2023-11,1,825476,71.0
Keita,2023-12,2,825476,71.0
Keita,2024-01,3,825476,71.0
Keita,2024-02,3,825476,71.0
Keita,2024-03,2,825476,71.0
Keita,2024-04,4,825476,71.0
Keita,2024-05,5,825476,71.0
Keita,2024-06,2,825476,71.0
Keita,2024-07,1,825476,71.0
Keita,2024-08,2,825476,71.0
Keita,2024-09,1,825476,71.0
Keita,2024-10,0,825476,71.0
Keita,2024-11,0,825476,71.0
Keita,2024-12,1,825476,71.0
Keita,2025-01,3,825476,71.0
Keita,2025-02,5,825476,71.0
Keita,2025-03,6,825476,71.0
Keita,2025-04,3,825476,71.0
Keita,2025-05,4,825476,71.0
Keita,2025-06,5,825476,71.0
Keita,2025-07,0,825476,71.0
Keita,2025-08,1,825476,71.0
Keita,2025-09,2,825476,71.0
Keita,2025-10,1,825476,71.0
Keita,2025-11,1,825476,71.0
Keita,2025-12,0,825476,71.0
Keita,2026-01,3,825476,71.0
Keita,2026-02,3,825476,71.0
Keita,2026-03,5,825476,71.0
Keita,2026-04,2,825476,71.0
Keita,2026-05,1,825476,71.0
Keita,2026-06,3,825476,71.0
Keita,2026-07,2,825476,71.0
Keita,2026-08,2,825476,71.0
Bouza,2023-01,5,407198,84.4
Bouza,2023-02,3,407198,84.4
Bouza,2023-03,11,407198,84.4
Bouza,2023-04,6,407198,84.4
Bouza,2023-05,6,407198,84.4
Bouza,2023-06,4,407198,84.4
Bouza,2023-07,1,407198,84.4
Bouza,2023-08,0,407198,84.4
Bouza,2023-09,1,407198,84.4
Bouza,2023-10,2,407198,84.4
Bouza,2023-11,4,407198,84.4
Bouza,2023-12,4,407198,84.4
Bouza,2024-01,6,407198,84.4
Bouza,2024-02,6,407198,84.4
Bouza,2024-03,5,407198,84.4
Bouza,2024-04,4,407198,84.4
Bouza,2024-05,10,407198,84.4
Bouza,2024-06,1,407198,84.4
Bouza,2024-07,1,407198,84.4
Bouza,2024-08,4,407198,84.4
Bouza,2024-09,1,407198,84.4
Bouza,2024-10,2,407198,84.4
Bouza,2024-11,4,407198,84.4
Bouza,2024-12,6,407198,84.4
Bouza,2025-01,5,407198,84.4
Bouza,2025-02,5,407198,84.4
Bouza,2025-03,12,407198,84.4
Bouza,2025-04,7,407198,84.4
Bouza,2025-05,6,407198,84.4
Bouza,2025-06,7,407198,84.4
Bouza,2025-07,10,407198,84.4
Bouza,2025-08,2,407198,84.4
Bouza,2025-09,7,407198,84.4
Bouza,2025-10,0,407198,84.4
Bouza,2025-11,7,407198,84.4
Bouza,2025-12,4,407198,84.4
Bouza,2026-01,4,407198,84.4
Bouza,2026-02,8,407198,84.4
Bouza,2026-03,7,407198,84.4
Bouza,2026-04,7,407198,84.4
Bouza,2026-05,3,407198,84.4
Bouza,2026-06,5,407198,84.4
Bouza,2026-07,3,407198,84.4
Bouza,2026-08,4,407198,84.4
Madaoua,2023-01,5,281093,45.8
Madaoua,2023-02,5,281093,45.8
Madaoua,2023-03,4,281093,45.8
Madaoua,2023-04,2,281093,45.8
Madaoua,2023-05,4,281093,45.8
Madaoua,2023-06,1,281093,45.8
Madaoua,2023-07,0,281093,45.8
Madaoua,2023-08,1,281093,45.8
Madaoua,2023-09,2,281093,45.8
Madaoua,2023-10,1,281093,45.8
Madaoua,2023-11,3,281093,45.8
Madaoua,2023-12,0,281093,45.8
Madaoua,2024-01,4,281093,45.8
Madaoua,2024-02,8,281093,45.8
Madaoua,2024-03,7,281093,45.8
Madaoua,2024-04,4,281093,45.8
Madaoua,2024-05,2,281093,45.8
Madaoua,2024-06,2,281093,45.8
Madaoua,2024-07,3,281093,45.8
Madaoua,2024-08,0,281093,45.8
Madaoua,2024-09,3,281093,45.8
Madaoua,2024-10,1,281093,45.8
Madaoua,2024-11,1,281093,45.8
Madaoua,2024-12,3,281093,45.8
Madaoua,2025-01,3,281093,45.8
Madaoua,2025-02,7,281093,45.8
Madaoua,2025-03,4,281093,45.8
Madaoua,2025-04,5,281093,45.8
Madaoua,2025-05,3,281093,45.8
Madaoua,2025-06,3,281093,45.8
Madaoua,2025-07,2,281093,45.8
Madaoua,2025-08,1,281093,45.8
Madaoua,2025-09,1,281093,45.8
Madaoua,2025-10,0,281093,45.8
Madaoua,2025-11,1,281093,45.8
Madaoua,2025-12,3,281093,45.8
Madaoua,2026-01,4,281093,45.8
Madaoua,2026-02,3,281093,45.8
Madaoua,2026-03,2,281093,45.8
Madaoua,2026-04,2,281093,45.8
Madaoua,2026-05,2,281093,45.8
Madaoua,2026-06,3,281093,45.8
Madaoua,2026-07,2,281093,45.8
Madaoua,2026-08,0,281093,45.8
GUIDAN-ROUMDJI,2023-01,10,604436,74.1
GUIDAN-ROUMDJI,2023-02,14,604436,74.1
GUIDAN-ROUMDJI,2023-03,15,604436,74.1
GUIDAN-ROUMDJI,2023-04,13,604436,74.1
GUIDAN-ROUMDJI,2023-05,8,604436,74.1
GUIDAN-ROUMDJI,2023-06,7,604436,74.1
GUIDAN-ROUMDJI,2023-07,6,604436,74.1
GUIDAN-ROUMDJI,2023-08,2,604436,74.1
GUIDAN-ROUMDJI,2023-09,4,604436,74.1
GUIDAN-ROUMDJI,2023-10,3,604436,74.1
GUIDAN-ROUMDJI,2023-11,5,604436,74.1
GUIDAN-ROUMDJI,2023-12,8,604436,74.1
GUIDAN-ROUMDJI,2024-01,11,604436,74.1
GUIDAN-ROUMDJI,2024-02,12,604436,74.1
GUIDAN-ROUMDJI,2024-03,11,604436,74.1
GUIDAN-ROUMDJI,2024-04,10,604436,74.1
GUIDAN-ROUMDJI,2024-05,7,604436,74.1
GUIDAN-ROUMDJI,2024-06,6,604436,74.1
GUIDAN-ROUMDJI,2024-07,3,604436,74.1
GUIDAN-ROUMDJI,2024-08,8,604436,74.1
GUIDAN-ROUMDJI,2024-09,0,604436,74.1
GUIDAN-ROUMDJI,2024-10,1,604436,74.1
GUIDAN-ROUMDJI,2024-11,3,604436,74.1
GUIDAN-ROUMDJI,2024-12,8,604436,74.1
GUIDAN-ROUMDJI,2025-01,9,604436,74.1
GUIDAN-ROUMDJI,2025-02,9,604436,74.1
GUIDAN-ROUMDJI,2025-03,6,604436,74.1
GUIDAN-ROUMDJI,2025-04,16,604436,74.1
GUIDAN-ROUMDJI,2025-05,8,604436,74.1
GUIDAN-ROUMDJI,2025-06,10,604436,74.1
GUIDAN-ROUMDJI,2025-07,4,604436,74.1
GUIDAN-ROUMDJI,2025-08,5,604436,74.1
GUIDAN-ROUMDJI,2025-09,2,604436,74.1
GUIDAN-ROUMDJI,2025-10,4,604436,74.1
GUIDAN-ROUMDJI,2025-11,6,604436,74.1
GUIDAN-ROUMDJI,2025-12,7,604436,74.1
GUIDAN-ROUMDJI,2026-01,7,604436,74.1
GUIDAN-ROUMDJI,2026-02,8,604436,74.1
GUIDAN-ROUMDJI,2026-03,12,604436,74.1
GUIDAN-ROUMDJI,2026-04,10,604436,74.1
GUIDAN-ROUMDJI,2026-05,8,604436,74.1
GUIDAN-ROUMDJI,2026-06,7,604436,74.1
GUIDAN-ROUMDJI,2026-07,67,604436,74.1
GUIDAN-ROUMDJI,2026-08,36,604436,74.1
Dakoro,2023-01,5,524832,87.5
Dakoro,2023-02,6,524832,87.5
Dakoro,2023-03,5,524832,87.5
Dakoro,2023-04,4,524832,87.5
Dakoro,2023-05,3,524832,87.5
Dakoro,2023-06,6,524832,87.5
Dakoro,2023-07,1,524832,87.5
Dakoro,2023-08,1,524832,87.5
Dakoro,2023-09,2,524832,87.5
Dakoro,2023-10,3,524832,87.5
Dakoro,2023-11,4,524832,87.5
Dakoro,2023-12,5,524832,87.5
Dakoro,2024-01,7,524832,87.5
Dakoro,2024-02,4,524832,87.5
Dakoro,2024-03,10,524832,87.5
Dakoro,2024-04,4,524832,87.5
Dakoro,2024-05,4,524832,87.5
Dakoro,2024-06,3,524832,87.5
Dakoro,2024-07,0,524832,87.5
Dakoro,2024-08,2,524832,87.5
Dakoro,2024-09,2,524832,87.5
Dakoro,2024-10,2,524832,87.5
Dakoro,2024-11,4,524832,87.5
Dakoro,2024-12,2,524832,87.5
Dakoro,2025-01,8,524832,87.5
Dakoro,2025-02,9,524832,87.5
Dakoro,2025-03,7,524832,87.5
Dakoro,2025-04,3,524832,87.5
Dakoro,2025-05,8,524832,87.5
Dakoro,2025-06,6,524832,87.5
Dakoro,2025-07,3,524832,87.5
Dakoro,2025-08,2,524832,87.5
Dakoro,2025-09,0,524832,87.5
Dakoro,2025-10,2,524832,87.5
Dakoro,2025-11,1,524832,87.5
Dakoro,2025-12,3,524832,87.5
Dakoro,2026-01,6,524832,87.5
Dakoro,2026-02,4,524832,87.5
Dakoro,2026-03,5,524832,87.5
Dakoro,2026-04,8,524832,87.5
Dakoro,2026-05,3,524832,87.5
Dakoro,2026-06,3,524832,87.5
Dakoro,2026-07,4,524832,87.5
Dakoro,2026-08,2,524832,87.5
Bérmo,2023-01,0,540080,78.0
Bérmo,2023-02,0,540080,78.0
Bérmo,2023-03,1,540080,78.0
Bérmo,2023-04,2,540080,78.0
Bérmo,2023-05,1,540080,78.0
Bérmo,2023-06,2,540080,78.0
Bérmo,2023-07,1,540080,78.0
Bérmo,2023-08,0,540080,78.0
Bérmo,2023-09,0,540080,78.0
Bérmo,2023-10,0,540080,78.0
Bérmo,2023-11,1,540080,78.0
Bérmo,2023-12,1,540080,78.0
Bérmo,2024-01,1,540080,78.0
Bérmo,2024-02,2,540080,78.0
Bérmo,2024-03,3,540080,78.0
Bérmo,2024-04,2,540080,78.0
Bérmo,2024-05,0,540080,78.0
Bérmo,2024-06,3,540080,78.0
Bérmo,2024-07,0,540080,78.0
Bérmo,2024-08,1,540080,78.0
Bérmo,2024-09,1,540080,78.0
Bérmo,2024-10,2,540080,78.0
Bérmo,2024-11,2,540080,78.0
Bérmo,2024-12,2,540080,78.0
Bérmo,2025-01,0,540080,78.0
Bérmo,2025-02,1,540080,78.0
Bérmo,2025-03,0,540080,78.0
Bérmo,2025-04,0,540080,78.0
Bérmo,2025-05,5,540080,78.0
Bérmo,2025-06,2,540080,78.0
Bérmo,2025-07,0,540080,78.0
Bérmo,2025-08,1,540080,78.0
Bérmo,2025-09,1,540080,78.0
Bérmo,2025-10,0,540080,78.0
Bérmo,2025-11,0,540080,78.0
Bérmo,2025-12,0,540080,78.0
Bérmo,2026-01,0,540080,78.0
Bérmo,2026-02,2,540080,78.0
Bérmo,2026-03,0,540080,78.0
Bérmo,2026-04,1,540080,78.0
Bérmo,2026-05,0,540080,78.0
Bérmo,2026-06,1,540080,78.0
Bérmo,2026-07,0,540080,78.0
Bérmo,2026-08,1,540080,78.0
Ingall,2023-01,2,201373,49.0
Ingall,2023-02,1,201373,49.0
Ingall,2023-03,2,201373,49.0
Ingall,2023-04,4,201373,49.0
Ingall,2023-05,5,201373,49.0
Ingall,2023-06,1,201373,49.0
Ingall,2023-07,0,201373,49.0
Ingall,2023-08,0,201373,49.0
Ingall,2023-09,0,201373,49.0
Ingall,2023-10,0,201373,49.0
Ingall,2023-11,1,201373,49.0
Ingall,2023-12,0,201373,49.0
Ingall,2024-01,1,201373,49.0
Ingall,2024-02,0,201373,49.0
Ingall,2024-03,2,201373,49.0
Ingall,2024-04,3,201373,49.0
Ingall,2024-05,2,201373,49.0
Ingall,2024-06,3,201373,49.0
Ingall,2024-07,1,201373,49.0
Ingall,2024-08,0,201373,49.0
Ingall,2024-09,1,201373,49.0
Ingall,2024-10,1,201373,49.0
Ingall,2024-11,1,201373,49.0
Ingall,2024-12,1,201373,49.0
Ingall,2025-01,3,201373,49.0
Ingall,2025-02,1,201373,49.0
Ingall,2025-03,2,201373,49.0
Ingall,2025-04,2,201373,49.0
Ingall,2025-05,1,201373,49.0
Ingall,2025-06,2,201373,49.0
Ingall,2025-07,0,201373,49.0
Ingall,2025-08,1,201373,49.0
Ingall,2025-09,0,201373,49.0
Ingall,2025-10,0,201373,49.0
Ingall,2025-11,2,201373,49.0
Ingall,2025-12,3,201373,49.0
Ingall,2026-01,2,201373,49.0
Ingall,2026-02,3,201373,49.0
Ingall,2026-03,4,201373,49.0
Ingall,2026-04,6,201373,49.0
Ingall,2026-05,6,201373,49.0
Ingall,2026-06,1,201373,49.0
Ingall,2026-07,2,201373,49.0
Ingall,2026-08,0,201373,49.0
Madarounfa,2023-01,3,461990,78.4
Madarounfa,2023-02,6,461990,78.4
Madarounfa,2023-03,9,461990,78.4
Madarounfa,2023-04,12,461990,78.4
Madarounfa,2023-05,6,461990,78.4
Madarounfa,2023-06,4,461990,78.4
Madarounfa,2023-07,5,461990,78.4
Madarounfa,2023-08,4,461990,78.4
Madarounfa,2023-09,3,461990,78.4
Madarounfa,2023-10,1,461990,78.4
Madarounfa,2023-11,2,461990,78.4
Madarounfa,2023-12,3,461990,78.4
Madarounfa,2024-01,6,461990,78.4
Madarounfa,2024-02,5,461990,78.4
Madarounfa,2024-03,9,461990,78.4
Madarounfa,2024-04,8,461990,78.4
Madarounfa,2024-05,9,461990,78.4
Madarounfa,2024-06,5,461990,78.4
Madarounfa,2024-07,3,461990,78.4
Madarounfa,2024-08,5,461990,78.4
Madarounfa,2024-09,3,461990,78.4
Madarounfa,2024-10,1,461990,78.4
Madarounfa,2024-11,1,461990,78.4
Madarounfa,2024-12,6,461990,78.4
Madarounfa,2025-01,10,461990,78.4
Madarounfa,2025-02,6,461990,78.4
Madarounfa,2025-03,14,461990,78.4
Madarounfa,2025-04,9,461990,78.4
Madarounfa,2025-05,7,461990,78.4
Madarounfa,2025-06,5,461990,78.4
Madarounfa,2025-07,2,461990,78.4
Madarounfa,2025-08,1,461990,78.4
Madarounfa,2025-09,2,461990,78.4
Madarounfa,2025-10,3,461990,78.4
Madarounfa,2025-11,3,461990,78.4
Madarounfa,2025-12,3,461990,78.4
Madarounfa,2026-01,5,461990,78.4
Madarounfa,2026-02,5,461990,78.4
Madarounfa,2026-03,10,461990,78.4
Madarounfa,2026-04,11,461990,78.4
Madarounfa,2026-05,9,461990,78.4
Madarounfa,2026-06,3,461990,78.4
Madarounfa,2026-07,5,461990,78.4
Madarounfa,2026-08,1,461990,78.4
AGUIÉ,2023-01,7,214705,87.4
AGUIÉ,2023-02,10,214705,87.4
AGUIÉ,2023-03,7,214705,87.4
AGUIÉ,2023-04,7,214705,87.4
AGUIÉ,2023-05,8,214705,87.4
AGUIÉ,2023-06,7,214705,87.4
AGUIÉ,2023-07,1,214705,87.4
AGUIÉ,2023-08,1,214705,87.4
AGUIÉ,2023-09,2,214705,87.4
AGUIÉ,2023-10,1,214705,87.4
AGUIÉ,2023-11,1,214705,87.4
AGUIÉ,2023-12,2,214705,87.4
AGUIÉ,2024-01,5,214705,87.4
AGUIÉ,2024-02,7,214705,87.4
AGUIÉ,2024-03,14,214705,87.4
AGUIÉ,2024-04,9,214705,87.4
AGUIÉ,2024-05,4,214705,87.4
AGUIÉ,2024-06,4,214705,87.4
AGUIÉ,2024-07,3,214705,87.4
AGUIÉ,2024-08,2,214705,87.4
AGUIÉ,2024-09,1,214705,87.4
AGUIÉ,2024-10,2,214705,87.4
AGUIÉ,2024-11,4,214705,87.4
AGUIÉ,2024-12,3,214705,87.4
AGUIÉ,2025-01,3,214705,87.4
AGUIÉ,2025-02,8,214705,87.4
AGUIÉ,2025-03,10,214705,87.4
AGUIÉ,2025-04,5,214705,87.4
AGUIÉ,2025-05,4,214705,87.4
AGUIÉ,2025-06,3,214705,87.4
AGUIÉ,2025-07,7,214705,87.4
AGUIÉ,2025-08,1,214705,87.4
AGUIÉ,2025-09,3,214705,87.4
AGUIÉ,2025-10,1,214705,87.4
AGUIÉ,2025-11,4,214705,87.4
AGUIÉ,2025-12,3,214705,87.4
AGUIÉ,2026-01,8,214705,87.4
AGUIÉ,2026-02,3,214705,87.4
AGUIÉ,2026-03,10,214705,87.4
AGUIÉ,2026-04,7,214705,87.4
AGUIÉ,2026-05,5,214705,87.4
AGUIÉ,2026-06,7,214705,87.4
AGUIÉ,2026-07,2,214705,87.4
AGUIÉ,2026-08,5,214705,87.4
Gazaoua,2023-01,18,167582,51.3
Gazaoua,2023-02,24,167582,51.3
Gazaoua,2023-03,24,167582,51.3
Gazaoua,2023-04,17,167582,51.3
Gazaoua,2023-05,14,167582,51.3
Gazaoua,2023-06,8,167582,51.3
Gazaoua,2023-07,7,167582,51.3
Gazaoua,2023-08,7,167582,51.3
Gazaoua,2023-09,7,167582,51.3
Gazaoua,2023-10,3,167582,51.3
Gazaoua,2023-11,13,167582,51.3
Gazaoua,2023-12,19,167582,51.3
Gazaoua,2024-01,20,167582,51.3
Gazaoua,2024-02,24,167582,51.3
Gazaoua,2024-03,20,167582,51.3
Gazaoua,2024-04,13,167582,51.3
Gazaoua,2024-05,17,167582,51.3
Gazaoua,2024-06,14,167582,51.3
Gazaoua,2024-07,7,167582,51.3
Gazaoua,2024-08,5,167582,51.3
Gazaoua,2024-09,4,167582,51.3
Gazaoua,2024-10,8,167582,51.3
Gazaoua,2024-11,11,167582,51.3
Gazaoua,2024-12,13,167582,51.3
Gazaoua,2025-01,17,167582,51.3
Gazaoua,2025-02,20,167582,51.3
Gazaoua,2025-03,17,167582,51.3
Gazaoua,2025-04,16,167582,51.3
Gazaoua,2025-05,23,167582,51.3
Gazaoua,2025-06,13,167582,51.3
Gazaoua,2025-07,10,167582,51.3
Gazaoua,2025-08,8,167582,51.3
Gazaoua,2025-09,3,167582,51.3
Gazaoua,2025-10,11,167582,51.3
Gazaoua,2025-11,6,167582,51.3
Gazaoua,2025-12,12,167582,51.3
Gazaoua,2026-01,13,167582,51.3
Gazaoua,2026-02,24,167582,51.3
Gazaoua,2026-03,29,167582,51.3
Gazaoua,2026-04,17,167582,51.3
Gazaoua,2026-05,21,167582,51.3
Gazaoua,2026-06,16,167582,51.3
Gazaoua,2026-07,5,167582,51.3
Gazaoua,2026-08,4,167582,51.3
Mayahi,2023-01,5,876693,85.9
Mayahi,2023-02,6,876693,85.9
Mayahi,2023-03,4,876693,85.9
Mayahi,2023-04,9,876693,85.9
Mayahi,2023-05,8,876693,85.9
Mayahi,2023-06,1,876693,85.9
Mayahi,2023-07,3,876693,85.9
Mayahi,2023-08,1,876693,85.9
Mayahi,2023-09,1,876693,85.9
Mayahi,2023-10,3,876693,85.9
Mayahi,2023-11,4,876693,85.9
Mayahi,2023-12,2,876693,85.9
Mayahi,2024-01,8,876693,85.9
Mayahi,2024-02,8,876693,85.9
Mayahi,2024-03,6,876693,85.9
Mayahi,2024-04,6,876693,85.9
Mayahi,2024-05,8,876693,85.9
Mayahi,2024-06,4,876693,85.9
Mayahi,2024-07,2,876693,85.9
Mayahi,2024-08,4,876693,85.9
Mayahi,2024-09,3,876693,85.9
Mayahi,2024-10,0,876693,85.9
Mayahi,2024-11,2,876693,85.9
Mayahi,2024-12,3,876693,85.9
Mayahi,2025-01,4,876693,85.9
Mayahi,2025-02,16,876693,85.9
Mayahi,2025-03,4,876693,85.9
Mayahi,2025-04,4,876693,85.9
Mayahi,2025-05,3,876693,85.9
Mayahi,2025-06,2,876693,85.9
Mayahi,2025-07,4,876693,85.9
Mayahi,2025-08,4,876693,85.9
Mayahi,2025-09,0,876693,85.9
Mayahi,2025-10,2,876693,85.9
Mayahi,2025-11,7,876693,85.9
Mayahi,2025-12,4,876693,85.9
Mayahi,2026-01,8,876693,85.9
Mayahi,2026-02,6,876693,85.9
Mayahi,2026-03,9,876693,85.9
Mayahi,2026-04,9,876693,85.9
Mayahi,2026-05,6,876693,85.9
Mayahi,2026-06,6,876693,85.9
Mayahi,2026-07,32,876693,85.9
Mayahi,2026-08,24,876693,85.9
Arlit,2023-01,2,171623,59.5
Arlit,2023-02,7,171623,59.5
Arlit,2023-03,10,171623,59.5
Arlit,2023-04,11,171623,59.5
Arlit,2023-05,5,171623,59.5
Arlit,2023-06,2,171623,59.5
Arlit,2023-07,1,171623,59.5
Arlit,2023-08,2,171623,59.5
Arlit,2023-09,3,171623,59.5
Arlit,2023-10,2,171623,59.5
Arlit,2023-11,5,171623,59.5
Arlit,2023-12,4,171623,59.5
Arlit,2024-01,10,171623,59.5
Arlit,2024-02,6,171623,59.5
Arlit,2024-03,5,171623,59.5
Arlit,2024-04,5,171623,59.5
Arlit,2024-05,2,171623,59.5
Arlit,2024-06,4,171623,59.5
Arlit,2024-07,3,171623,59.5
Arlit,2024-08,4,171623,59.5
Arlit,2024-09,1,171623,59.5
Arlit,2024-10,1,171623,59.5
Arlit,2024-11,4,171623,59.5
Arlit,2024-12,2,171623,59.5
Arlit,2025-01,2,171623,59.5
Arlit,2025-02,6,171623,59.5
Arlit,2025-03,11,171623,59.5
Arlit,2025-04,6,171623,59.5
Arlit,2025-05,4,171623,59.5
Arlit,2025-06,5,171623,59.5
Arlit,2025-07,2,171623,59.5
Arlit,2025-08,0,171623,59.5
Arlit,2025-09,1,171623,59.5
Arlit,2025-10,2,171623,59.5
Arlit,2025-11,5,171623,59.5
Arlit,2025-12,4,171623,59.5
Arlit,2026-01,7,171623,59.5
Arlit,2026-02,3,171623,59.5
Arlit,2026-03,5,171623,59.5
Arlit,2026-04,11,171623,59.5
Arlit,2026-05,4,171623,59.5
Arlit,2026-06,7,171623,59.5
Arlit,2026-07,5,171623,59.5
Arlit,2026-08,1,171623,59.5
Belbédji,2023-01,16,404108,49.1
Belbédji,2023-02,14,404108,49.1
Belbédji,2023-03,13,404108,49.1
Belbédji,2023-04,15,404108,49.1
Belbédji,2023-05,12,404108,49.1
Belbédji,2023-06,9,404108,49.1
Belbédji,2023-07,12,404108,49.1
Belbédji,2023-08,2,404108,49.1
Belbédji,2023-09,5,404108,49.1
Belbédji,2023-10,1,404108,49.1
Belbédji,2023-11,8,404108,49.1
Belbédji,2023-12,10,404108,49.1
Belbédji,2024-01,13,404108,49.1
Belbédji,2024-02,17,404108,49.1
Belbédji,2024-03,22,404108,49.1
Belbédji,2024-04,13,404108,49.1
Belbédji,2024-05,14,404108,49.1
Belbédji,2024-06,9,404108,49.1
Belbédji,2024-07,11,404108,49.1
Belbédji,2024-08,4,404108,49.1
Belbédji,2024-09,6,404108,49.1
Belbédji,2024-10,8,404108,49.1
Belbédji,2024-11,9,404108,49.1
Belbédji,2024-12,6,404108,49.1
Belbédji,2025-01,11,404108,49.1
Belbédji,2025-02,16,404108,49.1
Belbédji,2025-03,18,404108,49.1
Belbédji,2025-04,18,404108,49.1
Belbédji,2025-05,11,404108,49.1
Belbédji,2025-06,11,404108,49.1
Belbédji,2025-07,4,404108,49.1
Belbédji,2025-08,4,404108,49.1
Belbédji,2025-09,3,404108,49.1
Belbédji,2025-10,2,404108,49.1
Belbédji,2025-11,5,404108,49.1
Belbédji,2025-12,13,404108,49.1
Belbédji,2026-01,6,404108,49.1
Belbédji,2026-02,14,404108,49.1
Belbédji,2026-03,15,404108,49.1
Belbédji,2026-04,22,404108,49.1
Belbédji,2026-05,18,404108,49.1
Belbédji,2026-06,14,404108,49.1
Belbédji,2026-07,5,404108,49.1
Belbédji,2026-08,6,404108,49.1
TESSAOUA,2023-01,9,596606,59.2
TESSAOUA,2023-02,10,596606,59.2
TESSAOUA,2023-03,11,596606,59.2
TESSAOUA,2023-04,13,596606,59.2
TESSAOUA,2023-05,4,596606,59.2
TESSAOUA,2023-06,5,596606,59.2
TESSAOUA,2023-07,3,596606,59.2
TESSAOUA,2023-08,4,596606,59.2
TESSAOUA,2023-09,1,596606,59.2
TESSAOUA,2023-10,4,596606,59.2
TESSAOUA,2023-11,2,596606,59.2
TESSAOUA,2023-12,5,596606,59.2
TESSAOUA,2024-01,6,596606,59.2
TESSAOUA,2024-02,6,596606,59.2
TESSAOUA,2024-03,11,596606,59.2
TESSAOUA,2024-04,16,596606,59.2
TESSAOUA,2024-05,8,596606,59.2
TESSAOUA,2024-06,10,596606,59.2
TESSAOUA,2024-07,5,596606,59.2
TESSAOUA,2024-08,6,596606,59.2
TESSAOUA,2024-09,2,596606,59.2
TESSAOUA,2024-10,1,596606,59.2
TESSAOUA,2024-11,3,596606,59.2
TESSAOUA,2024-12,6,596606,59.2
TESSAOUA,2025-01,3,596606,59.2
TESSAOUA,2025-02,7,596606,59.2
TESSAOUA,2025-03,11,596606,59.2
TESSAOUA,2025-04,9,596606,59.2
TESSAOUA,2025-05,11,596606,59.2
TESSAOUA,2025-06,7,596606,59.2
TESSAOUA,2025-07,4,596606,59.2
TESSAOUA,2025-08,4,596606,59.2
TESSAOUA,2025-09,3,596606,59.2
TESSAOUA,2025-10,0,596606,59.2
TESSAOUA,2025-11,6,596606,59.2
TESSAOUA,2025-12,5,596606,59.2
TESSAOUA,2026-01,10,596606,59.2
TESSAOUA,2026-02,4,596606,59.2
TESSAOUA,2026-03,10,596606,59.2
TESSAOUA,2026-04,6,596606,59.2
TESSAOUA,2026-05,6,596606,59.2
TESSAOUA,2026-06,7,596606,59.2
TESSAOUA,2026-07,4,596606,59.2
TESSAOUA,2026-08,2,596606,59.2
Kantché,2023-01,15,726219,53.1
Kantché,2023-02,9,726219,53.1
Kantché,2023-03,19,726219,53.1
Kantché,2023-04,11,726219,53.1
Kantché,2023-05,14,726219,53.1
Kantché,2023-06,11,726219,53.1
Kantché,2023-07,8,726219,53.1
Kantché,2023-08,4,726219,53.1
Kantché,2023-09,5,726219,53.1
Kantché,2023-10,4,726219,53.1
Kantché,2023-11,6,726219,53.1
Kantché,2023-12,6,726219,53.1
Kantché,2024-01,15,726219,53.1
Kantché,2024-02,7,726219,53.1
Kantché,2024-03,11,726219,53.1
Kantché,2024-04,16,726219,53.1
Kantché,2024-05,16,726219,53.1
Kantché,2024-06,7,726219,53.1
Kantché,2024-07,6,726219,53.1
Kantché,2024-08,2,726219,53.1
Kantché,2024-09,6,726219,53.1
Kantché,2024-10,5,726219,53.1
Kantché,2024-11,11,726219,53.1
Kantché,2024-12,9,726219,53.1
Kantché,2025-01,8,726219,53.1
Kantché,2025-02,16,726219,53.1
Kantché,2025-03,27,726219,53.1
Kantché,2025-04,22,726219,53.1
Kantché,2025-05,15,726219,53.1
Kantché,2025-06,10,726219,53.1
Kantché,2025-07,10,726219,53.1
Kantché,2025-08,8,726219,53.1
Kantché,2025-09,4,726219,53.1
Kantché,2025-10,1,726219,53.1
Kantché,2025-11,4,726219,53.1
Kantché,2025-12,4,726219,53.1
Kantché,2026-01,9,726219,53.1
Kantché,2026-02,21,726219,53.1
Kantché,2026-03,8,726219,53.1
Kantché,2026-04,16,726219,53.1
Kantché,2026-05,12,726219,53.1
Kantché,2026-06,6,726219,53.1
Kantché,2026-07,8,726219,53.1
Kantché,2026-08,3,726219,53.1
Takeita,2023-01,1,510322,62.7
Takeita,2023-02,9,510322,62.7
Takeita,2023-03,2,510322,62.7
Takeita,2023-04,5,510322,62.7
Takeita,2023-05,4,510322,62.7
Takeita,2023-06,1,510322,62.7
Takeita,2023-07,1,510322,62.7
Takeita,2023-08,2,510322,62.7
Takeita,2023-09,0,510322,62.7
Takeita,2023-10,2,510322,62.7
Takeita,2023-11,1,510322,62.7
Takeita,2023-12,3,510322,62.7
Takeita,2024-01,6,510322,62.7
Takeita,2024-02,4,510322,62.7
Takeita,2024-03,5,510322,62.7
Takeita,2024-04,1,510322,62.7
Takeita,2024-05,2,510322,62.7
Takeita,2024-06,7,510322,62.7
Takeita,2024-07,0,510322,62.7
Takeita,2024-08,0,510322,62.7
Takeita,2024-09,1,510322,62.7
Takeita,2024-10,2,510322,62.7
Takeita,2024-11,6,510322,62.7
Takeita,2024-12,6,510322,62.7
Takeita,2025-01,3,510322,62.7
Takeita,2025-02,11,510322,62.7
Takeita,2025-03,5,510322,62.7
Takeita,2025-04,4,510322,62.7
Takeita,2025-05,3,510322,62.7
Takeita,2025-06,5,510322,62.7
Takeita,2025-07,4,510322,62.7
Takeita,2025-08,1,510322,62.7
Takeita,2025-09,2,510322,62.7
Takeita,2025-10,5,510322,62.7
Takeita,2025-11,1,510322,62.7
Takeita,2025-12,2,510322,62.7
Takeita,2026-01,5,510322,62.7
Takeita,2026-02,9,510322,62.7
Takeita,2026-03,3,510322,62.7
Takeita,2026-04,8,510322,62.7
Takeita,2026-05,2,510322,62.7
Takeita,2026-06,4,510322,62.7
Takeita,2026-07,4,510322,62.7
Takeita,2026-08,1,510322,62.7
Magaria,2023-01,9,140328,45.5
Magaria,2023-02,16,140328,45.5
Magaria,2023-03,11,140328,45.5
Magaria,2023-04,16,140328,45.5
Magaria,2023-05,12,140328,45.5
Magaria,2023-06,10,140328,45.5
Magaria,2023-07,3,140328,45.5
Magaria,2023-08,6,140328,45.5
Magaria,2023-09,3,140328,45.5
Magaria,2023-10,3,140328,45.5
Magaria,2023-11,6,140328,45.5
Magaria,2023-12,8,140328,45.5
Magaria,2024-01,15,140328,45.5
Magaria,2024-02,8,140328,45.5
Magaria,2024-03,12,140328,45.5
Magaria,2024-04,7,140328,45.5
Magaria,2024-05,12,140328,45.5
Magaria,2024-06,9,140328,45.5
Magaria,2024-07,5,140328,45.5
Magaria,2024-08,2,140328,45.5
Magaria,2024-09,3,140328,45.5
Magaria,2024-10,7,140328,45.5
Magaria,2024-11,4,140328,45.5
Magaria,2024-12,8,140328,45.5
Magaria,2025-01,8,140328,45.5
Magaria,2025-02,19,140328,45.5
Magaria,2025-03,8,140328,45.5
Magaria,2025-04,16,140328,45.5
Magaria,2025-05,10,140328,45.5
Magaria,2025-06,9,140328,45.5
Magaria,2025-07,6,140328,45.5
Magaria,2025-08,2,140328,45.5
Magaria,2025-09,5,140328,45.5
Magaria,2025-10,5,140328,45.5
Magaria,2025-11,1,140328,45.5
Magaria,2025-12,9,140328,45.5
Magaria,2026-01,14,140328,45.5
Magaria,2026-02,14,140328,45.5
Magaria,2026-03,12,140328,45.5
Magaria,2026-04,18,140328,45.5
Magaria,2026-05,6,140328,45.5
Magaria,2026-06,10,140328,45.5
Magaria,2026-07,5,140328,45.5
Magaria,2026-08,4,140328,45.5
Iférouane,2023-01,14,327167,87.4
Iférouane,2023-02,9,327167,87.4
Iférouane,2023-03,16,327167,87.4
Iférouane,2023-04,12,327167,87.4
Iférouane,2023-05,11,327167,87.4
Iférouane,2023-06,7,327167,87.4
Iférouane,2023-07,4,327167,87.4
Iférouane,2023-08,4,327167,87.4
Iférouane,2023-09,3,327167,87.4
Iférouane,2023-10,4,327167,87.4
Iférouane,2023-11,5,327167,87.4
Iférouane,2023-12,4,327167,87.4
Iférouane,2024-01,17,327167,87.4
Iférouane,2024-02,12,327167,87.4
Iférouane,2024-03,11,327167,87.4
Iférouane,2024-04,8,327167,87.4
Iférouane,2024-05,4,327167,87.4
Iférouane,2024-06,6,327167,87.4
Iférouane,2024-07,2,327167,87.4
Iférouane,2024-08,7,327167,87.4
Iférouane,2024-09,3,327167,87.4
Iférouane,2024-10,3,327167,87.4
Iférouane,2024-11,5,327167,87.4
Iférouane,2024-12,6,327167,87.4
Iférouane,2025-01,14,327167,87.4
Iférouane,2025-02,13,327167,87.4
Iférouane,2025-03,18,327167,87.4
Iférouane,2025-04,11,327167,87.4
Iférouane,2025-05,8,327167,87.4
Iférouane,2025-06,7,327167,87.4
Iférouane,2025-07,2,327167,87.4
Iférouane,2025-08,2,327167,87.4
Iférouane,2025-09,2,327167,87.4
Iférouane,2025-10,1,327167,87.4
Iférouane,2025-11,9,327167,87.4
Iférouane,2025-12,7,327167,87.4
Iférouane,2026-01,11,327167,87.4
Iférouane,2026-02,10,327167,87.4
Iférouane,2026-03,16,327167,87.4
Iférouane,2026-04,9,327167,87.4
Iférouane,2026-05,10,327167,87.4
Iférouane,2026-06,5,327167,87.4
Iférouane,2026-07,63,327167,87.4
Iférouane,2026-08,43,327167,87.4
TCHIROZÉRINE,2023-01,2,642156,46.0
TCHIROZÉRINE,2023-02,3,642156,46.0
TCHIROZÉRINE,2023-03,7,642156,46.0
TCHIROZÉRINE,2023-04,1,642156,46.0
TCHIROZÉRINE,2023-05,3,642156,46.0
TCHIROZÉRINE,2023-06,2,642156,46.0
TCHIROZÉRINE,2023-07,4,642156,46.0
TCHIROZÉRINE,2023-08,0,642156,46.0
TCHIROZÉRINE,2023-09,2,642156,46.0
TCHIROZÉRINE,2023-10,1,642156,46.0
TCHIROZÉRINE,2023-11,3,642156,46.0
TCHIROZÉRINE,2023-12,3,642156,46.0
TCHIROZÉRINE,2024-01,0,642156,46.0
TCHIROZÉRINE,2024-02,2,642156,46.0
TCHIROZÉRINE,2024-03,3,642156,46.0
TCHIROZÉRINE,2024-04,1,642156,46.0
TCHIROZÉRINE,2024-05,7,642156,46.0
TCHIROZÉRINE,2024-06,3,642156,46.0
TCHIROZÉRINE,2024-07,0,642156,46.0
TCHIROZÉRINE,2024-08,1,642156,46.0
TCHIROZÉRINE,2024-09,0,642156,46.0
TCHIROZÉRINE,2024-10,0,642156,46.0
TCHIROZÉRINE,2024-11,5,642156,46.0
TCHIROZÉRINE,2024-12,2,642156,46.0
TCHIROZÉRINE,2025-01,4,642156,46.0
TCHIROZÉRINE,2025-02,6,642156,46.0
TCHIROZÉRINE,2025-03,2,642156,46.0
TCHIROZÉRINE,2025-04,5,642156,46.0
TCHIROZÉRINE,2025-05,2,642156,46.0
TCHIROZÉRINE,2025-06,3,642156,46.0
TCHIROZÉRINE,2025-07,1,642156,46.0
TCHIROZÉRINE,2025-08,0,642156,46.0
TCHIROZÉRINE,2025-09,1,642156,46.0
TCHIROZÉRINE,2025-10,3,642156,46.0
TCHIROZÉRINE,2025-11,1,642156,46.0
TCHIROZÉRINE,2025-12,3,642156,46.0
TCHIROZÉRINE,2026-01,3,642156,46.0
TCHIROZÉRINE,2026-02,3,642156,46.0
TCHIROZÉRINE,2026-03,6,642156,46.0
TCHIROZÉRINE,2026-04,3,642156,46.0
TCHIROZÉRINE,2026-05,2,642156,46.0
TCHIROZÉRINE,2026-06,0,642156,46.0
TCHIROZÉRINE,2026-07,2,642156,46.0
TCHIROZÉRINE,2026-08,1,642156,46.0
Aderbissinat,2023-01,0,346731,69.0
Aderbissinat,2023-02,2,346731,69.0
Aderbissinat,2023-03,0,346731,69.0
Aderbissinat,2023-04,2,346731,69.0
Aderbissinat,2023-05,1,346731,69.0
Aderbissinat,2023-06,2,346731,69.0
Aderbissinat,2023-07,0,346731,69.0
Aderbissinat,2023-08,0,346731,69.0
Aderbissinat,2023-09,2,346731,69.0
Aderbissinat,2023-10,0,346731,69.0
Aderbissinat,2023-11,0,346731,69.0
Aderbissinat,2023-12,0,346731,69.0
Aderbissinat,2024-01,1,346731,69.0
Aderbissinat,2024-02,1,346731,69.0
Aderbissinat,2024-03,4,346731,69.0
Aderbissinat,2024-04,2,346731,69.0
Aderbissinat,2024-05,4,346731,69.0
Aderbissinat,2024-06,2,346731,69.0
Aderbissinat,2024-07,0,346731,69.0
Aderbissinat,2024-08,0,346731,69.0
Aderbissinat,2024-09,1,346731,69.0
Aderbissinat,2024-10,0,346731,69.0
Aderbissinat,2024-11,3,346731,69.0
Aderbissinat,2024-12,1,346731,69.0
Aderbissinat,2025-01,2,346731,69.0
Aderbissinat,2025-02,1,346731,69.0
Aderbissinat,2025-03,4,346731,69.0
Aderbissinat,2025-04,3,346731,69.0
Aderbissinat,2025-05,0,346731,69.0
Aderbissinat,2025-06,2,346731,69.0
Aderbissinat,2025-07,1,346731,69.0
Aderbissinat,2025-08,0,346731,69.0
Aderbissinat,2025-09,0,346731,69.0
Aderbissinat,2025-10,0,346731,69.0
Aderbissinat,2025-11,0,346731,69.0
Aderbissinat,2025-12,1,346731,69.0
Aderbissinat,2026-01,1,346731,69.0
Aderbissinat,2026-02,1,346731,69.0
Aderbissinat,2026-03,2,346731,69.0
Aderbissinat,2026-04,1,346731,69.0
Aderbissinat,2026-05,2,346731,69.0
Aderbissinat,2026-06,1,346731,69.0
Aderbissinat,2026-07,3,346731,69.0
Aderbissinat,2026-08,0,346731,69.0
Tanout,2023-01,7,468895,81.0
Tanout,2023-02,4,468895,81.0
Tanout,2023-03,4,468895,81.0
Tanout,2023-04,9,468895,81.0
Tanout,2023-05,6,468895,81.0
Tanout,2023-06,2,468895,81.0
Tanout,2023-07,2,468895,81.0
Tanout,2023-08,1,468895,81.0
Tanout,2023-09,0,468895,81.0
Tanout,2023-10,2,468895,81.0
Tanout,2023-11,0,468895,81.0
Tanout,2023-12,4,468895,81.0
Tanout,2024-01,8,468895,81.0
Tanout,2024-02,6,468895,81.0
Tanout,2024-03,3,468895,81.0
Tanout,2024-04,3,468895,81.0
Tanout,2024-05,2,468895,81.0
Tanout,2024-06,5,468895,81.0
Tanout,2024-07,1,468895,81.0
Tanout,2024-08,1,468895,81.0
Tanout,2024-09,4,468895,81.0
Tanout,2024-10,0,468895,81.0
Tanout,2024-11,1,468895,81.0
Tanout,2024-12,1,468895,81.0
Tanout,2025-01,2,468895,81.0
Tanout,2025-02,5,468895,81.0
Tanout,2025-03,5,468895,81.0
Tanout,2025-04,7,468895,81.0
Tanout,2025-05,3,468895,81.0
Tanout,2025-06,1,468895,81.0
Tanout,2025-07,1,468895,81.0
Tanout,2025-08,2,468895,81.0
Tanout,2025-09,3,468895,81.0
Tanout,2025-10,4,468895,81.0
Tanout,2025-11,3,468895,81.0
Tanout,2025-12,4,468895,81.0
Tanout,2026-01,5,468895,81.0
Tanout,2026-02,5,468895,81.0
Tanout,2026-03,2,468895,81.0
Tanout,2026-04,7,468895,81.0
Tanout,2026-05,5,468895,81.0
Tanout,2026-06,5,468895,81.0
Tanout,2026-07,2,468895,81.0
Tanout,2026-08,2,468895,81.0
Damagaram Takaya,2023-01,9,807636,85.7
Damagaram Takaya,2023-02,11,807636,85.7
Damagaram Takaya,2023-03,12,807636,85.7
Damagaram Takaya,2023-04,5,807636,85.7
Damagaram Takaya,2023-05,5,807636,85.7
Damagaram Takaya,2023-06,8,807636,85.7
Damagaram Takaya,2023-07,5,807636,85.7
Damagaram Takaya,2023-08,3,807636,85.7
Damagaram Takaya,2023-09,1,807636,85.7
Damagaram Takaya,2023-10,2,807636,85.7
Damagaram Takaya,2023-11,2,807636,85.7
Damagaram Takaya,2023-12,5,807636,85.7
Damagaram Takaya,2024-01,7,807636,85.7
Damagaram Takaya,2024-02,6,807636,85.7
Damagaram Takaya,2024-03,4,807636,85.7
Damagaram Takaya,2024-04,11,807636,85.7
Damagaram Takaya,2024-05,4,807636,85.7
Damagaram Takaya,2024-06,6,807636,85.7
Damagaram Takaya,2024-07,3,807636,85.7
Damagaram Takaya,2024-08,3,807636,85.7
Damagaram Takaya,2024-09,1,807636,85.7
Damagaram Takaya,2024-10,5,807636,85.7
Damagaram Takaya,2024-11,1,807636,85.7
Damagaram Takaya,2024-12,7,807636,85.7
Damagaram Takaya,2025-01,7,807636,85.7
Damagaram Takaya,2025-02,7,807636,85.7
Damagaram Takaya,2025-03,6,807636,85.7
Damagaram Takaya,2025-04,8,807636,85.7
Damagaram Takaya,2025-05,6,807636,85.7
Damagaram Takaya,2025-06,6,807636,85.7
Damagaram Takaya,2025-07,1,807636,85.7
Damagaram Takaya,2025-08,1,807636,85.7
Damagaram Takaya,2025-09,1,807636,85.7
Damagaram Takaya,2025-10,2,807636,85.7
Damagaram Takaya,2025-11,3,807636,85.7
Damagaram Takaya,2025-12,1,807636,85.7
Damagaram Takaya,2026-01,11,807636,85.7
Damagaram Takaya,2026-02,11,807636,85.7
Damagaram Takaya,2026-03,8,807636,85.7
Damagaram Takaya,2026-04,7,807636,85.7
Damagaram Takaya,2026-05,8,807636,85.7
Damagaram Takaya,2026-06,8,807636,85.7
Damagaram Takaya,2026-07,6,807636,85.7
Damagaram Takaya,2026-08,2,807636,85.7
Zinder,2023-01,9,193947,47.3
Zinder,2023-02,8,193947,47.3
Zinder,2023-03,7,193947,47.3
Zinder,2023-04,4,193947,47.3
Zinder,2023-05,5,193947,47.3
Zinder,2023-06,4,193947,47.3
Zinder,2023-07,3,193947,47.3
Zinder,2023-08,2,193947,47.3
Zinder,2023-09,0,193947,47.3
Zinder,2023-10,3,193947,47.3
Zinder,2023-11,3,193947,47.3
Zinder,2023-12,4,193947,47.3
Zinder,2024-01,8,193947,47.3
Zinder,2024-02,8,193947,47.3
Zinder,2024-03,6,193947,47.3
Zinder,2024-04,7,193947,47.3
Zinder,2024-05,3,193947,47.3
Zinder,2024-06,3,193947,47.3
Zinder,2024-07,2,193947,47.3
Zinder,2024-08,0,193947,47.3
Zinder,2024-09,5,193947,47.3
Zinder,2024-10,3,193947,47.3
Zinder,2024-11,8,193947,47.3
Zinder,2024-12,4,193947,47.3
Zinder,2025-01,2,193947,47.3
Zinder,2025-02,9,193947,47.3
Zinder,2025-03,6,193947,47.3
Zinder,2025-04,9,193947,47.3
Zinder,2025-05,2,193947,47.3
Zinder,2025-06,4,193947,47.3
Zinder,2025-07,4,193947,47.3
Zinder,2025-08,5,193947,47.3
Zinder,2025-09,2,193947,47.3
Zinder,2025-10,2,193947,47.3
Zinder,2025-11,3,193947,47.3
Zinder,2025-12,2,193947,47.3
Zinder,2026-01,7,193947,47.3
Zinder,2026-02,12,193947,47.3
Zinder,2026-03,6,193947,47.3
Zinder,2026-04,8,193947,47.3
Zinder,2026-05,11,193947,47.3
Zinder,2026-06,2,193947,47.3
Zinder,2026-07,3,193947,47.3
Zinder,2026-08,3,193947,47.3
MIRRIAH,2023-01,4,643637,73.2
MIRRIAH,2023-02,0,643637,73.2
MIRRIAH,2023-03,5,643637,73.2
MIRRIAH,2023-04,3,643637,73.2
MIRRIAH,2023-05,6,643637,73.2
MIRRIAH,2023-06,2,643637,73.2
MIRRIAH,2023-07,1,643637,73.2
MIRRIAH,2023-08,0,643637,73.2
MIRRIAH,2023-09,1,643637,73.2
MIRRIAH,2023-10,0,643637,73.2
MIRRIAH,2023-11,1,643637,73.2
MIRRIAH,2023-12,0,643637,73.2
MIRRIAH,2024-01,1,643637,73.2
MIRRIAH,2024-02,2,643637,73.2
MIRRIAH,2024-03,2,643637,73.2
MIRRIAH,2024-04,5,643637,73.2
MIRRIAH,2024-05,3,643637,73.2
MIRRIAH,2024-06,3,643637,73.2
MIRRIAH,2024-07,2,643637,73.2
MIRRIAH,2024-08,1,643637,73.2
MIRRIAH,2024-09,1,643637,73.2
MIRRIAH,2024-10,0,643637,73.2
MIRRIAH,2024-11,0,643637,73.2
MIRRIAH,2024-12,0,643637,73.2
MIRRIAH,2025-01,4,643637,73.2
MIRRIAH,2025-02,4,643637,73.2
MIRRIAH,2025-03,6,643637,73.2
MIRRIAH,2025-04,1,643637,73.2
MIRRIAH,2025-05,2,643637,73.2
MIRRIAH,2025-06,3,643637,73.2
MIRRIAH,2025-07,2,643637,73.2
MIRRIAH,2025-08,0,643637,73.2
MIRRIAH,2025-09,0,643637,73.2
MIRRIAH,2025-10,0,643637,73.2
MIRRIAH,2025-11,3,643637,73.2
MIRRIAH,2025-12,4,643637,73.2
MIRRIAH,2026-01,1,643637,73.2
MIRRIAH,2026-02,1,643637,73.2
MIRRIAH,2026-03,3,643637,73.2
MIRRIAH,2026-04,2,643637,73.2
MIRRIAH,2026-05,2,643637,73.2
MIRRIAH,2026-06,0,643637,73.2
MIRRIAH,2026-07,0,643637,73.2
MIRRIAH,2026-08,0,643637,73.2
Dungass,2023-01,6,548912,60.3
Dungass,2023-02,14,548912,60.3
Dungass,2023-03,7,548912,60.3
Dungass,2023-04,6,548912,60.3
Dungass,2023-05,7,548912,60.3
Dungass,2023-06,2,548912,60.3
Dungass,2023-07,5,548912,60.3
Dungass,2023-08,2,548912,60.3
Dungass,2023-09,1,548912,60.3
Dungass,2023-10,4,548912,60.3
Dungass,2023-11,2,548912,60.3
Dungass,2023-12,3,548912,60.3
Dungass,2024-01,6,548912,60.3
Dungass,2024-02,8,548912,60.3
Dungass,2024-03,11,548912,60.3
Dungass,2024-04,10,548912,60.3
Dungass,2024-05,12,548912,60.3
Dungass,2024-06,5,548912,60.3
Dungass,2024-07,2,548912,60.3
Dungass,2024-08,3,548912,60.3
Dungass,2024-09,1,548912,60.3
Dungass,2024-10,3,548912,60.3
Dungass,2024-11,4,548912,60.3
Dungass,2024-12,7,548912,60.3
Dungass,2025-01,5,548912,60.3
Dungass,2025-02,8,548912,60.3
Dungass,2025-03,9,548912,60.3
Dungass,2025-04,8,548912,60.3
Dungass,2025-05,8,548912,60.3
Dungass,2025-06,5,548912,60.3
Dungass,2025-07,5,548912,60.3
Dungass,2025-08,1,548912,60.3
Dungass,2025-09,4,548912,60.3
Dungass,2025-10,0,548912,60.3
Dungass,2025-11,4,548912,60.3
Dungass,2025-12,5,548912,60.3
Dungass,2026-01,5,548912,60.3
Dungass,2026-02,11,548912,60.3
Dungass,2026-03,12,548912,60.3
Dungass,2026-04,10,548912,60.3
Dungass,2026-05,5,548912,60.3
Dungass,2026-06,5,548912,60.3
Dungass,2026-07,39,548912,60.3
Dungass,2026-08,24,548912,60.3
Gouré,2023-01,4,640095,57.2
Gouré,2023-02,7,640095,57.2
Gouré,2023-03,5,640095,57.2
Gouré,2023-04,5,640095,57.2
Gouré,2023-05,2,640095,57.2
Gouré,2023-06,2,640095,57.2
Gouré,2023-07,2,640095,57.2
Gouré,2023-08,2,640095,57.2
Gouré,2023-09,1,640095,57.2
Gouré,2023-10,3,640095,57.2
Gouré,2023-11,0,640095,57.2
Gouré,2023-12,4,640095,57.2
Gouré,2024-01,6,640095,57.2
Gouré,2024-02,9,640095,57.2
Gouré,2024-03,5,640095,57.2
Gouré,2024-04,5,640095,57.2
Gouré,2024-05,5,640095,57.2
Gouré,2024-06,0,640095,57.2
Gouré,2024-07,5,640095,57.2
Gouré,2024-08,1,640095,57.2
Gouré,2024-09,1,640095,57.2
Gouré,2024-10,3,640095,57.2
Gouré,2024-11,1,640095,57.2
Gouré,2024-12,3,640095,57.2
Gouré,2025-01,9,640095,57.2
Gouré,2025-02,7,640095,57.2
Gouré,2025-03,7,640095,57.2
Gouré,2025-04,5,640095,57.2
Gouré,2025-05,2,640095,57.2
Gouré,2025-06,3,640095,57.2
Gouré,2025-07,4,640095,57.2
Gouré,2025-08,1,640095,57.2
Gouré,2025-09,3,640095,57.2
Gouré,2025-10,4,640095,57.2
Gouré,2025-11,3,640095,57.2
Gouré,2025-12,3,640095,57.2
Gouré,2026-01,3,640095,57.2
Gouré,2026-02,4,640095,57.2
Gouré,2026-03,6,640095,57.2
Gouré,2026-04,2,640095,57.2
Gouré,2026-05,4,640095,57.2
Gouré,2026-06,5,640095,57.2
Gouré,2026-07,3,640095,57.2
Gouré,2026-08,3,640095,57.2
Tesker,2023-01,9,894032,51.9
Tesker,2023-02,7,894032,51.9
Tesker,2023-03,10,894032,51.9
Tesker,2023-04,5,894032,51.9
Tesker,2023-05,10,894032,51.9
Tesker,2023-06,7,894032,51.9
Tesker,2023-07,3,894032,51.9
Tesker,2023-08,3,894032,51.9
Tesker,2023-09,2,894032,51.9
Tesker,2023-10,3,894032,51.9
Tesker,2023-11,8,894032,51.9
Tesker,2023-12,4,894032,51.9
Tesker,2024-01,8,894032,51.9
Tesker,2024-02,11,894032,51.9
Tesker,2024-03,11,894032,51.9
Tesker,2024-04,8,894032,51.9
Tesker,2024-05,8,894032,51.9
Tesker,2024-06,6,894032,51.9
Tesker,2024-07,5,894032,51.9
Tesker,2024-08,2,894032,51.9
Tesker,2024-09,2,894032,51.9
Tesker,2024-10,3,894032,51.9
Tesker,2024-11,3,894032,51.9
Tesker,2024-12,10,894032,51.9
Tesker,2025-01,15,894032,51.9
Tesker,2025-02,9,894032,51.9
Tesker,2025-03,10,894032,51.9
Tesker,2025-04,8,894032,51.9
Tesker,2025-05,5,894032,51.9
Tesker,2025-06,6,894032,51.9
Tesker,2025-07,2,894032,51.9
Tesker,2025-08,4,894032,51.9
Tesker,2025-09,2,894032,51.9
Tesker,2025-10,4,894032,51.9
Tesker,2025-11,5,894032,51.9
Tesker,2025-12,5,894032,51.9
Tesker,2026-01,5,894032,51.9
Tesker,2026-02,4,894032,51.9
Tesker,2026-03,13,894032,51.9
Tesker,2026-04,9,894032,51.9
Tesker,2026-05,10,894032,51.9
Tesker,2026-06,7,894032,51.9
Tesker,2026-07,2,894032,51.9
Tesker,2026-08,4,894032,51.9
Goudoumaria,2023-01,6,155835,71.2
Goudoumaria,2023-02,7,155835,71.2
Goudoumaria,2023-03,5,155835,71.2
Goudoumaria,2023-04,7,155835,71.2
Goudoumaria,2023-05,10,155835,71.2
Goudoumaria,2023-06,5,155835,71.2
Goudoumaria,2023-07,1,155835,71.2
Goudoumaria,2023-08,0,155835,71.2
Goudoumaria,2023-09,2,155835,71.2
Goudoumaria,2023-10,2,155835,71.2
Goudoumaria,2023-11,1,155835,71.2
Goudoumaria,2023-12,5,155835,71.2
Goudoumaria,2024-01,2,155835,71.2
Goudoumaria,2024-02,3,155835,71.2
Goudoumaria,2024-03,9,155835,71.2
Goudoumaria,2024-04,5,155835,71.2
Goudoumaria,2024-05,2,155835,71.2
Goudoumaria,2024-06,4,155835,71.2
Goudoumaria,2024-07,1,155835,71.2
Goudoumaria,2024-08,0,155835,71.2
Goudoumaria,2024-09,1,155835,71.2
Goudoumaria,2024-10,1,155835,71.2
Goudoumaria,2024-11,3,155835,71.2
Goudoumaria,2024-12,4,155835,71.2
Goudoumaria,2025-01,4,155835,71.2
Goudoumaria,2025-02,6,155835,71.2
Goudoumaria,2025-03,4,155835,71.2
Goudoumaria,2025-04,4,155835,71.2
Goudoumaria,2025-05,6,155835,71.2
Goudoumaria,2025-06,4,155835,71.2
Goudoumaria,2025-07,3,155835,71.2
Goudoumaria,2025-08,1,155835,71.2
Goudoumaria,2025-09,3,155835,71.2
Goudoumaria,2025-10,2,155835,71.2
Goudoumaria,2025-11,5,155835,71.2
Goudoumaria,2025-12,8,155835,71.2
Goudoumaria,2026-01,7,155835,71.2
Goudoumaria,2026-02,1,155835,71.2
Goudoumaria,2026-03,4,155835,71.2
Goudoumaria,2026-04,5,155835,71.2
Goudoumaria,2026-05,5,155835,71.2
Goudoumaria,2026-06,4,155835,71.2
Goudoumaria,2026-07,5,155835,71.2
Goudoumaria,2026-08,2,155835,71.2
MAÏNÉ-SOROA,2023-01,8,633929,54.6
MAÏNÉ-SOROA,2023-02,8,633929,54.6
MAÏNÉ-SOROA,2023-03,7,633929,54.6
MAÏNÉ-SOROA,2023-04,11,633929,54.6
MAÏNÉ-SOROA,2023-05,12,633929,54.6
MAÏNÉ-SOROA,2023-06,5,633929,54.6
MAÏNÉ-SOROA,2023-07,9,633929,54.6
MAÏNÉ-SOROA,2023-08,6,633929,54.6
MAÏNÉ-SOROA,2023-09,1,633929,54.6
MAÏNÉ-SOROA,2023-10,3,633929,54.6
MAÏNÉ-SOROA,2023-11,3,633929,54.6
MAÏNÉ-SOROA,2023-12,7,633929,54.6
MAÏNÉ-SOROA,2024-01,11,633929,54.6
MAÏNÉ-SOROA,2024-02,12,633929,54.6
MAÏNÉ-SOROA,2024-03,8,633929,54.6
MAÏNÉ-SOROA,2024-04,9,633929,54.6
MAÏNÉ-SOROA,2024-05,11,633929,54.6
MAÏNÉ-SOROA,2024-06,5,633929,54.6
MAÏNÉ-SOROA,2024-07,8,633929,54.6
MAÏNÉ-SOROA,2024-08,7,633929,54.6
MAÏNÉ-SOROA,2024-09,2,633929,54.6
MAÏNÉ-SOROA,2024-10,3,633929,54.6
MAÏNÉ-SOROA,2024-11,7,633929,54.6
MAÏNÉ-SOROA,2024-12,13,633929,54.6
MAÏNÉ-SOROA,2025-01,9,633929,54.6
MAÏNÉ-SOROA,2025-02,9,633929,54.6
MAÏNÉ-SOROA,2025-03,11,633929,54.6
MAÏNÉ-SOROA,2025-04,8,633929,54.6
MAÏNÉ-SOROA,2025-05,12,633929,54.6
MAÏNÉ-SOROA,2025-06,7,633929,54.6
MAÏNÉ-SOROA,2025-07,3,633929,54.6
MAÏNÉ-SOROA,2025-08,2,633929,54.6
MAÏNÉ-SOROA,2025-09,4,633929,54.6
MAÏNÉ-SOROA,2025-10,4,633929,54.6
MAÏNÉ-SOROA,2025-11,3,633929,54.6
MAÏNÉ-SOROA,2025-12,7,633929,54.6
MAÏNÉ-SOROA,2026-01,11,633929,54.6
MAÏNÉ-SOROA,2026-02,8,633929,54.6
MAÏNÉ-SOROA,2026-03,11,633929,54.6
MAÏNÉ-SOROA,2026-04,14,633929,54.6
MAÏNÉ-SOROA,2026-05,14,633929,54.6
MAÏNÉ-SOROA,2026-06,5,633929,54.6
MAÏNÉ-SOROA,2026-07,6,633929,54.6
MAÏNÉ-SOROA,2026-08,5,633929,54.6
N'Guigmi,2023-01,7,208562,80.4
N'Guigmi,2023-02,11,208562,80.4
N'Guigmi,2023-03,14,208562,80.4
N'Guigmi,2023-04,10,208562,80.4
N'Guigmi,2023-05,7,208562,80.4
N'Guigmi,2023-06,11,208562,80.4
N'Guigmi,2023-07,6,208562,80.4
N'Guigmi,2023-08,5,208562,80.4
N'Guigmi,2023-09,2,208562,80.4
N'Guigmi,2023-10,6,208562,80.4
N'Guigmi,2023-11,5,208562,80.4
N'Guigmi,2023-12,6,208562,80.4
N'Guigmi,2024-01,6,208562,80.4
N'Guigmi,2024-02,2,208562,80.4
N'Guigmi,2024-03,14,208562,80.4
N'Guigmi,2024-04,10,208562,80.4
N'Guigmi,2024-05,10,208562,80.4
N'Guigmi,2024-06,4,208562,80.4
N'Guigmi,2024-07,5,208562,80.4
N'Guigmi,2024-08,3,208562,80.4
N'Guigmi,2024-09,2,208562,80.4
N'Guigmi,2024-10,1,208562,80.4
N'Guigmi,2024-11,4,208562,80.4
N'Guigmi,2024-12,6,208562,80.4
N'Guigmi,2025-01,5,208562,80.4
N'Guigmi,2025-02,10,208562,80.4
N'Guigmi,2025-03,10,208562,80.4
N'Guigmi,2025-04,16,208562,80.4
N'Guigmi,2025-05,9,208562,80.4
N'Guigmi,2025-06,6,208562,80.4
N'Guigmi,2025-07,7,208562,80.4
N'Guigmi,2025-08,1,208562,80.4
N'Guigmi,2025-09,0,208562,80.4
N'Guigmi,2025-10,3,208562,80.4
N'Guigmi,2025-11,2,208562,80.4
N'Guigmi,2025-12,1,208562,80.4
N'Guigmi,2026-01,11,208562,80.4
N'Guigmi,2026-02,16,208562,80.4
N'Guigmi,2026-03,5,208562,80.4
N'Guigmi,2026-04,8,208562,80.4
N'Guigmi,2026-05,2,208562,80.4
N'Guigmi,2026-06,3,208562,80.4
N'Guigmi,2026-07,3,208562,80.4
N'Guigmi,2026-08,3,208562,80.4
N'Gourti,2023-01,5,831895,64.3
N'Gourti,2023-02,1,831895,64.3
N'Gourti,2023-03,5,831895,64.3
N'Gourti,2023-04,4,831895,64.3
N'Gourti,2023-05,1,831895,64.3
N'Gourti,2023-06,2,831895,64.3
N'Gourti,2023-07,1,831895,64.3
N'Gourti,2023-08,1,831895,64.3
N'Gourti,2023-09,0,831895,64.3
N'Gourti,2023-10,0,831895,64.3
N'Gourti,2023-11,2,831895,64.3
N'Gourti,2023-12,3,831895,64.3
N'Gourti,2024-01,2,831895,64.3
N'Gourti,2024-02,4,831895,64.3
N'Gourti,2024-03,2,831895,64.3
N'Gourti,2024-04,3,831895,64.3
N'Gourti,2024-05,4,831895,64.3
N'Gourti,2024-06,3,831895,64.3
N'Gourti,2024-07,1,831895,64.3
N'Gourti,2024-08,1,831895,64.3
N'Gourti,2024-09,2,831895,64.3
N'Gourti,2024-10,1,831895,64.3
N'Gourti,2024-11,3,831895,64.3
N'Gourti,2024-12,1,831895,64.3
N'Gourti,2025-01,1,831895,64.3
N'Gourti,2025-02,2,831895,64.3
N'Gourti,2025-03,4,831895,64.3
N'Gourti,2025-04,4,831895,64.3
N'Gourti,2025-05,2,831895,64.3
N'Gourti,2025-06,1,831895,64.3
N'Gourti,2025-07,0,831895,64.3
N'Gourti,2025-08,1,831895,64.3
N'Gourti,2025-09,1,831895,64.3
N'Gourti,2025-10,2,831895,64.3
N'Gourti,2025-11,0,831895,64.3
N'Gourti,2025-12,1,831895,64.3
N'Gourti,2026-01,5,831895,64.3
N'Gourti,2026-02,5,831895,64.3
N'Gourti,2026-03,2,831895,64.3
N'Gourti,2026-04,5,831895,64.3
N'Gourti,2026-05,0,831895,64.3
N'Gourti,2026-06,5,831895,64.3
N'Gourti,2026-07,3,831895,64.3
N'Gourti,2026-08,2,831895,64.3
Bilma,2023-01,5,269231,86.0
Bilma,2023-02,6,269231,86.0
Bilma,2023-03,11,269231,86.0
Bilma,2023-04,6,269231,86.0
Bilma,2023-05,9,269231,86.0
Bilma,2023-06,2,269231,86.0
Bilma,2023-07,3,269231,86.0
Bilma,2023-08,4,269231,86.0
Bilma,2023-09,3,269231,86.0
Bilma,2023-10,1,269231,86.0
Bilma,2023-11,2,269231,86.0
Bilma,2023-12,1,269231,86.0
Bilma,2024-01,7,269231,86.0
Bilma,2024-02,4,269231,86.0
Bilma,2024-03,6,269231,86.0
Bilma,2024-04,5,269231,86.0
Bilma,2024-05,3,269231,86.0
Bilma,2024-06,2,269231,86.0
Bilma,2024-07,2,269231,86.0
Bilma,2024-08,4,269231,86.0
Bilma,2024-09,4,269231,86.0
Bilma,2024-10,3,269231,86.0
Bilma,2024-11,3,269231,86.0
Bilma,2024-12,4,269231,86.0
Bilma,2025-01,7,269231,86.0
Bilma,2025-02,8,269231,86.0
Bilma,2025-03,10,269231,86.0
Bilma,2025-04,8,269231,86.0
Bilma,2025-05,4,269231,86.0
Bilma,2025-06,2,269231,86.0
Bilma,2025-07,4,269231,86.0
Bilma,2025-08,3,269231,86.0
Bilma,2025-09,1,269231,86.0
Bilma,2025-10,1,269231,86.0
Bilma,2025-11,3,269231,86.0
Bilma,2025-12,3,269231,86.0
Bilma,2026-01,7,269231,86.0
Bilma,2026-02,2,269231,86.0
Bilma,2026-03,12,269231,86.0
Bilma,2026-04,5,269231,86.0
Bilma,2026-05,4,269231,86.0
Bilma,2026-06,6,269231,86.0
Bilma,2026-07,39,269231,86.0
Bilma,2026-08,24,269231,86.0
Diffa,2023-01,12,394243,63.9
Diffa,2023-02,11,394243,63.9
Diffa,2023-03,13,394243,63.9
Diffa,2023-04,13,394243,63.9
Diffa,2023-05,8,394243,63.9
Diffa,2023-06,4,394243,63.9
Diffa,2023-07,7,394243,63.9
Diffa,2023-08,5,394243,63.9
Diffa,2023-09,3,394243,63.9
Diffa,2023-10,4,394243,63.9
Diffa,2023-11,7,394243,63.9
Diffa,2023-12,10,394243,63.9
Diffa,2024-01,17,394243,63.9
Diffa,2024-02,13,394243,63.9
Diffa,2024-03,17,394243,63.9
Diffa,2024-04,14,394243,63.9
Diffa,2024-05,8,394243,63.9
Diffa,2024-06,5,394243,63.9
Diffa,2024-07,4,394243,63.9
Diffa,2024-08,5,394243,63.9
Diffa,2024-09,1,394243,63.9
Diffa,2024-10,3,394243,63.9
Diffa,2024-11,4,394243,63.9
Diffa,2024-12,7,394243,63.9
Diffa,2025-01,10,394243,63.9
Diffa,2025-02,8,394243,63.9
Diffa,2025-03,9,394243,63.9
Diffa,2025-04,13,394243,63.9
Diffa,2025-05,10,394243,63.9
Diffa,2025-06,10,394243,63.9
Diffa,2025-07,4,394243,63.9
Diffa,2025-08,2,394243,63.9
Diffa,2025-09,1,394243,63.9
Diffa,2025-10,2,394243,63.9
Diffa,2025-11,5,394243,63.9
Diffa,2025-12,13,394243,63.9
Diffa,2026-01,10,394243,63.9
Diffa,2026-02,9,394243,63.9
Diffa,2026-03,13,394243,63.9
Diffa,2026-04,8,394243,63.9
Diffa,2026-05,11,394243,63.9
Diffa,2026-06,11,394243,63.9
Diffa,2026-07,5,394243,63.9
Diffa,2026-08,3,394243,63.9
BOSSO,2023-01,2,637167,47.4
BOSSO,2023-02,2,637167,47.4
BOSSO,2023-03,3,637167,47.4
BOSSO,2023-04,1,637167,47.4
BOSSO,2023-05,0,637167,47.4
BOSSO,2023-06,0,637167,47.4
BOSSO,2023-07,0,637167,47.4
BOSSO,2023-08,0,637167,47.4
BOSSO,2023-09,0,637167,47.4
BOSSO,2023-10,3,637167,47.4
BOSSO,2023-11,0,637167,47.4
BOSSO,2023-12,0,637167,47.4
BOSSO,2024-01,2,637167,47.4
BOSSO,2024-02,1,637167,47.4
BOSSO,2024-03,2,637167,47.4
BOSSO,2024-04,4,637167,47.4
BOSSO,2024-05,1,637167,47.4
BOSSO,2024-06,1,637167,47.4
BOSSO,2024-07,0,637167,47.4
BOSSO,2024-08,1,637167,47.4
BOSSO,2024-09,0,637167,47.4
BOSSO,2024-10,0,637167,47.4
BOSSO,2024-11,1,637167,47.4
BOSSO,2024-12,1,637167,47.4
BOSSO,2025-01,1,637167,47.4
BOSSO,2025-02,0,637167,47.4
BOSSO,2025-03,2,637167,47.4
BOSSO,2025-04,0,637167,47.4
BOSSO,2025-05,3,637167,47.4
BOSSO,2025-06,1,637167,47.4
BOSSO,2025-07,1,637167,47.4
BOSSO,2025-08,0,637167,47.4
BOSSO,2025-09,0,637167,47.4
BOSSO,2025-10,0,637167,47.4
BOSSO,2025-11,0,637167,47.4
BOSSO,2025-12,1,637167,47.4
BOSSO,2026-01,0,637167,47.4
BOSSO,2026-02,2,637167,47.4
BOSSO,2026-03,1,637167,47.4
BOSSO,2026-04,1,637167,47.4
BOSSO,2026-05,0,637167,47.4
BOSSO,2026-06,0,637167,47.4
BOSSO,2026-07,1,637167,47.4
BOSSO,2026-08,0,637167,47.4
Maradi,2023-01,2,199914,58.8
Maradi,2023-02,1,199914,58.8
Maradi,2023-03,3,199914,58.8
Maradi,2023-04,2,199914,58.8
Maradi,2023-05,1,199914,58.8
Maradi,2023-06,3,199914,58.8
Maradi,2023-07,0,199914,58.8
Maradi,2023-08,1,199914,58.8
Maradi,2023-09,0,199914,58.8
Maradi,2023-10,1,199914,58.8
Maradi,2023-11,1,199914,58.8
Maradi,2023-12,2,199914,58.8
Maradi,2024-01,3,199914,58.8
Maradi,2024-02,2,199914,58.8
Maradi,2024-03,3,199914,58.8
Maradi,2024-04,1,199914,58.8
Maradi,2024-05,1,199914,58.8
Maradi,2024-06,2,199914,58.8
Maradi,2024-07,0,199914,58.8
Maradi,2024-08,0,199914,58.8
Maradi,2024-09,0,199914,58.8
Maradi,2024-10,0,199914,58.8
Maradi,2024-11,0,199914,58.8
Maradi,2024-12,4,199914,58.8
Maradi,2025-01,2,199914,58.8
Maradi,2025-02,1,199914,58.8
Maradi,2025-03,2,199914,58.8
Maradi,2025-04,1,199914,58.8
Maradi,2025-05,3,199914,58.8
Maradi,2025-06,2,199914,58.8
Maradi,2025-07,1,199914,58.8
Maradi,2025-08,0,199914,58.8
Maradi,2025-09,0,199914,58.8
Maradi,2025-10,1,199914,58.8
Maradi,2025-11,0,199914,58.8
Maradi,2025-12,2,199914,58.8
Maradi,2026-01,3,199914,58.8
Maradi,2026-02,1,199914,58.8
Maradi,2026-03,5,199914,58.8
Maradi,2026-04,0,199914,58.8
Maradi,2026-05,2,199914,58.8
Maradi,2026-06,1,199914,58.8
Maradi,2026-07,0,199914,58.8
Maradi,2026-08,0,199914,58.8
