iso3,country_fr,level,release,n_units,source,license,year,url
AGO,Angola,ADM2,gbHumanitarian,161,"www.gadm.org and Instituto Nacional de Estatística (INE - www.ine.gov.ao) - see methodology, HDX",Creative Commons Attribution 3.0 Intergovernmental Organisations (CC BY 3.0 IGO),2018.0,https://github.com/wmgeolab/geoBoundaries/raw/9469f09/releaseData/gbHumanitarian/AGO/ADM2/geoBoundaries-AGO-ADM2_simplified.geojson
AGO,Angola,ADM3,gbHumanitarian,539,"www.gadm.org and Instituto Nacional de Estatística (INE - www.ine.gov.ao) - see methodology, HDX",Creative Commons Attribution 3.0 Intergovernmental Organisations (CC BY 3.0 IGO),2018.0,https://github.com/wmgeolab/geoBoundaries/raw/9469f09/releaseData/gbHumanitarian/AGO/ADM3/geoBoundaries-AGO-ADM3_simplified.geojson
BDI,Burundi,ADM2,gbHumanitarian,119,"IGEBU and OCHA Burundi, HDX",Creative Commons Attribution 3.0 Intergovernmental Organisations (CC BY 3.0 IGO),2017.0,https://github.com/wmgeolab/geoBoundaries/raw/9469f09/releaseData/gbHumanitarian/BDI/ADM2/geoBoundaries-BDI-ADM2_simplified.geojson
BDI,Burundi,ADM3,gbOpen,2615,Regional Centre For Mapping Of Resources For Development (RCMRD),Public Domain,2015.0,https://github.com/wmgeolab/geoBoundaries/raw/9469f09/releaseData/gbOpen/BDI/ADM3/geoBoundaries-BDI-ADM3_simplified.geojson
BEN,Bénin,ADM2,gbHumanitarian,77,"Secondary Administrative Level Boundary(SALB) Project, OCHA ROWCA, HDX",Creative Commons Attribution 3.0 Intergovernmental Organisations (CC BY 3.0 IGO),2015.0,https://github.com/wmgeolab/geoBoundaries/raw/9469f09/releaseData/gbHumanitarian/BEN/ADM2/geoBoundaries-BEN-ADM2_simplified.geojson
BEN,Bénin,ADM3,gbOpen,546,"uMap, Open Street Map",Open Data Commons Open Database License 1.0,2021.0,https://github.com/wmgeolab/geoBoundaries/raw/9469f09/releaseData/gbOpen/BEN/ADM3/geoBoundaries-BEN-ADM3_simplified.geojson
BFA,Burkina Faso,ADM2,gbHumanitarian,45,"Institut Géographique du Burkina, HDX",Creative Commons Attribution 3.0 Intergovernmental Organisations (CC BY 3.0 IGO),2020.0,https://github.com/wmgeolab/geoBoundaries/raw/9469f09/releaseData/gbHumanitarian/BFA/ADM2/geoBoundaries-BFA-ADM2_simplified.geojson
BFA,Burkina Faso,ADM3,gbHumanitarian,351,"Institut Géographique du Burkina, HDX",Creative Commons Attribution 3.0 Intergovernmental Organisations (CC BY 3.0 IGO),2020.0,https://github.com/wmgeolab/geoBoundaries/raw/9469f09/releaseData/gbHumanitarian/BFA/ADM3/geoBoundaries-BFA-ADM3_simplified.geojson
BWA,Botswana,ADM2,gbHumanitarian,28,"UNFPA, HDX",Creative Commons Attribution 3.0 Intergovernmental Organisations (CC BY 3.0 IGO),2021.0,https://github.com/wmgeolab/geoBoundaries/raw/9469f09/releaseData/gbHumanitarian/BWA/ADM2/geoBoundaries-BWA-ADM2_simplified.geojson
BWA,Botswana,ADM3,gbHumanitarian,519,"UNFPA, HDX",Creative Commons Attribution 3.0 Intergovernmental Organisations (CC BY 3.0 IGO),2021.0,https://github.com/wmgeolab/geoBoundaries/raw/9469f09/releaseData/gbHumanitarian/BWA/ADM3/geoBoundaries-BWA-ADM3_simplified.geojson
CAF,République centrafricaine,ADM2,gbHumanitarian,72,"Agency for Technical Cooperation and Development(ACTED), HDX",Creative Commons Attribution 3.0 Intergovernmental Organisations (CC BY 3.0 IGO),2014.0,https://github.com/wmgeolab/geoBoundaries/raw/9469f09/releaseData/gbHumanitarian/CAF/ADM2/geoBoundaries-CAF-ADM2_simplified.geojson
CAF,République centrafricaine,ADM3,gbHumanitarian,175,"Agency for Technical Cooperation and Development(ACTED), HDX",Creative Commons Attribution 3.0 Intergovernmental Organisations (CC BY 3.0 IGO),2014.0,https://github.com/wmgeolab/geoBoundaries/raw/9469f09/releaseData/gbHumanitarian/CAF/ADM3/geoBoundaries-CAF-ADM3_simplified.geojson
CIV,Côte d'Ivoire,ADM2,gbHumanitarian,108,"Comité National de Télédétection et d'Information Géographique (CNTIG), HDX",Creative Commons Attribution 3.0 Intergovernmental Organisations (CC BY 3.0 IGO),2018.0,https://github.com/wmgeolab/geoBoundaries/raw/9469f09/releaseData/gbHumanitarian/CIV/ADM2/geoBoundaries-CIV-ADM2_simplified.geojson
CIV,Côte d'Ivoire,ADM3,gbHumanitarian,510,"Comité National de Télédétection et d'Information Géographique (CNTIG), HDX",Creative Commons Attribution 3.0 Intergovernmental Organisations (CC BY 3.0 IGO),2018.0,https://github.com/wmgeolab/geoBoundaries/raw/9469f09/releaseData/gbHumanitarian/CIV/ADM3/geoBoundaries-CIV-ADM3_simplified.geojson
CMR,Cameroun,ADM2,gbHumanitarian,58,"Institut National de Cartographie (INC) provided by OSM, HDX",Creative Commons Attribution 3.0 Intergovernmental Organisations (CC BY 3.0 IGO),2018.0,https://github.com/wmgeolab/geoBoundaries/raw/9469f09/releaseData/gbHumanitarian/CMR/ADM2/geoBoundaries-CMR-ADM2_simplified.geojson
CMR,Cameroun,ADM3,gbHumanitarian,360,"Institut National de Cartographie (INC) provided by OSM, HDX",Creative Commons Attribution 3.0 Intergovernmental Organisations (CC BY 3.0 IGO),2018.0,https://github.com/wmgeolab/geoBoundaries/raw/9469f09/releaseData/gbHumanitarian/CMR/ADM3/geoBoundaries-CMR-ADM3_simplified.geojson
COD,RD Congo,ADM2,gbHumanitarian,189,"Referenciel Géographique Commun, HDX",Creative Commons Attribution 3.0 Intergovernmental Organisations (CC BY 3.0 IGO),2019.0,https://github.com/wmgeolab/geoBoundaries/raw/9469f09/releaseData/gbHumanitarian/COD/ADM2/geoBoundaries-COD-ADM2_simplified.geojson
COG,Congo,ADM2,gbHumanitarian,89,"Global Administrative Unit Layers (GAUL), HDX",Creative Commons Attribution 3.0 Intergovernmental Organisations (CC BY 3.0 IGO),2017.0,https://github.com/wmgeolab/geoBoundaries/raw/9469f09/releaseData/gbHumanitarian/COG/ADM2/geoBoundaries-COG-ADM2_simplified.geojson
COM,Comores,ADM2,gbHumanitarian,17,"Comoros National Disaster Management Agency (COSEP-Centre des secours et de la protection civil), HDX",Creative Commons Attribution 3.0 Intergovernmental Organisations (CC BY 3.0 IGO),2018.0,https://github.com/wmgeolab/geoBoundaries/raw/9469f09/releaseData/gbHumanitarian/COM/ADM2/geoBoundaries-COM-ADM2_simplified.geojson
COM,Comores,ADM3,gbHumanitarian,55,"Comoros National Disaster Management Agency (COSEP-Centre des secours et de la protection civil), HDX",Creative Commons Attribution 3.0 Intergovernmental Organisations (CC BY 3.0 IGO),2018.0,https://github.com/wmgeolab/geoBoundaries/raw/9469f09/releaseData/gbHumanitarian/COM/ADM3/geoBoundaries-COM-ADM3_simplified.geojson
CPV,Cabo Verde,ADM2,gbHumanitarian,32,"Second Administrative Level Boundaries (SALB) Project, HDX",Creative Commons Attribution 3.0 Intergovernmental Organisations (CC BY 3.0 IGO),2017.0,https://github.com/wmgeolab/geoBoundaries/raw/9469f09/releaseData/gbHumanitarian/CPV/ADM2/geoBoundaries-CPV-ADM2_simplified.geojson
DJI,Djibouti,ADM2,gbHumanitarian,11,"FEWS, HDX",Creative Commons Attribution 3.0 Intergovernmental Organisations (CC BY 3.0 IGO),2018.0,https://github.com/wmgeolab/geoBoundaries/raw/9469f09/releaseData/gbHumanitarian/DJI/ADM2/geoBoundaries-DJI-ADM2_simplified.geojson
DZA,Algérie,ADM2,gbHumanitarian,1541,"UNHCR (from GAUL), HDX",Creative Commons Attribution 3.0 Intergovernmental Organisations (CC BY 3.0 IGO),2020.0,https://github.com/wmgeolab/geoBoundaries/raw/9469f09/releaseData/gbHumanitarian/DZA/ADM2/geoBoundaries-DZA-ADM2_simplified.geojson
DZA,Algérie,ADM3,gbOpen,1540,Open Street Map,Creative Commons Attribution-ShareAlike 2.0,2021.0,https://github.com/wmgeolab/geoBoundaries/raw/9469f09/releaseData/gbOpen/DZA/ADM3/geoBoundaries-DZA-ADM3_simplified.geojson
EGY,Égypte,ADM2,gbHumanitarian,365,"Central Agency for Public Mobilization and Statistics (CAPMAS), HDX",Creative Commons Attribution 3.0 Intergovernmental Organisations (CC BY 3.0 IGO),2017.0,https://github.com/wmgeolab/geoBoundaries/raw/9469f09/releaseData/gbHumanitarian/EGY/ADM2/geoBoundaries-EGY-ADM2_simplified.geojson
ERI,Érythrée,ADM2,gbHumanitarian,58,"OCHA ROSEA, HDX",Creative Commons Attribution 3.0 Intergovernmental Organisations (CC BY 3.0 IGO),2020.0,https://github.com/wmgeolab/geoBoundaries/raw/9469f09/releaseData/gbHumanitarian/ERI/ADM2/geoBoundaries-ERI-ADM2_simplified.geojson
ETH,Éthiopie,ADM2,gbHumanitarian,92,"CSA (Central Statistics Agency) + Regional Bureau of Fice and Economic Development (BoFED), HDX",Creative Commons Attribution 3.0 Intergovernmental Organisations (CC BY 3.0 IGO),2020.0,https://github.com/wmgeolab/geoBoundaries/raw/9469f09/releaseData/gbHumanitarian/ETH/ADM2/geoBoundaries-ETH-ADM2_simplified.geojson
ETH,Éthiopie,ADM3,gbHumanitarian,1082,"CSA (Central Statistics Agency) + Regional Bureau of Fice and Economic Development (BoFED), HDX",Creative Commons Attribution 3.0 Intergovernmental Organisations (CC BY 3.0 IGO),2020.0,https://github.com/wmgeolab/geoBoundaries/raw/9469f09/releaseData/gbHumanitarian/ETH/ADM3/geoBoundaries-ETH-ADM3_simplified.geojson
GAB,Gabon,ADM2,gbHumanitarian,48,"Second Administrative Level Boundaries (SALB), HDX",Creative Commons Attribution 3.0 Intergovernmental Organisations (CC BY 3.0 IGO),2015.0,https://github.com/wmgeolab/geoBoundaries/raw/9469f09/releaseData/gbHumanitarian/GAB/ADM2/geoBoundaries-GAB-ADM2_simplified.geojson
GHA,Ghana,ADM2,gbHumanitarian,260,"Ghana Statistical Services (GSS), HDX",Creative Commons Attribution 3.0 Intergovernmental Organisations (CC BY 3.0 IGO),2021.0,https://github.com/wmgeolab/geoBoundaries/raw/9469f09/releaseData/gbHumanitarian/GHA/ADM2/geoBoundaries-GHA-ADM2_simplified.geojson
GIN,Guinée,ADM2,gbHumanitarian,34,"World Food Programme, HDX",Creative Commons Attribution 3.0 Intergovernmental Organisations (CC BY 3.0 IGO),2017.0,https://github.com/wmgeolab/geoBoundaries/raw/9469f09/releaseData/gbHumanitarian/GIN/ADM2/geoBoundaries-GIN-ADM2_simplified.geojson
GIN,Guinée,ADM3,gbHumanitarian,340,"World Food Programme, HDX",Creative Commons Attribution 3.0 Intergovernmental Organisations (CC BY 3.0 IGO),2017.0,https://github.com/wmgeolab/geoBoundaries/raw/9469f09/releaseData/gbHumanitarian/GIN/ADM3/geoBoundaries-GIN-ADM3_simplified.geojson
GMB,Gambie,ADM2,gbHumanitarian,49,"Gambia National Disaster Management Agency (NDMA), HDX",Creative Commons Attribution 3.0 Intergovernmental Organisations (CC BY 3.0 IGO),2022.0,https://github.com/wmgeolab/geoBoundaries/raw/9469f09/releaseData/gbHumanitarian/GMB/ADM2/geoBoundaries-GMB-ADM2_simplified.geojson
GMB,Gambie,ADM3,gbHumanitarian,115,"Gambia National Disaster Management Agency (NDMA), HDX",Creative Commons Attribution 3.0 Intergovernmental Organisations (CC BY 3.0 IGO),2022.0,https://github.com/wmgeolab/geoBoundaries/raw/9469f09/releaseData/gbHumanitarian/GMB/ADM3/geoBoundaries-GMB-ADM3_simplified.geojson
GNB,Guinée-Bissau,ADM2,gbHumanitarian,39,"Second Administrative Level Boundaries (SALB), HDX",Creative Commons Attribution 3.0 Intergovernmental Organisations (CC BY 3.0 IGO),2021.0,https://github.com/wmgeolab/geoBoundaries/raw/9469f09/releaseData/gbHumanitarian/GNB/ADM2/geoBoundaries-GNB-ADM2_simplified.geojson
GNQ,Guinée équatoriale,ADM2,gbOpen,28,"World Resources Institute, Congo Forest Basin Atlas",Creative Commons Attribution 4.0 International (CC BY 4.0),2013.0,https://github.com/wmgeolab/geoBoundaries/raw/9469f09/releaseData/gbOpen/GNQ/ADM2/geoBoundaries-GNQ-ADM2_simplified.geojson
KEN,Kenya,ADM2,gbHumanitarian,290,"IEBC, HDX",Creative Commons Attribution 3.0 Intergovernmental Organisations (CC BY 3.0 IGO),2018.0,https://github.com/wmgeolab/geoBoundaries/raw/9469f09/releaseData/gbHumanitarian/KEN/ADM2/geoBoundaries-KEN-ADM2_simplified.geojson
KEN,Kenya,ADM3,gbOpen,1452,Benedict Aboki Omare and George Omare,Creative Commons Attribution 4.0 International (CC BY 4.0),2020.0,https://github.com/wmgeolab/geoBoundaries/raw/9469f09/releaseData/gbOpen/KEN/ADM3/geoBoundaries-KEN-ADM3_simplified.geojson
LBR,Libéria,ADM2,gbHumanitarian,136,"UNMIL, HDX",Creative Commons Attribution 3.0 Intergovernmental Organisations (CC BY 3.0 IGO),2017.0,https://github.com/wmgeolab/geoBoundaries/raw/9469f09/releaseData/gbHumanitarian/LBR/ADM2/geoBoundaries-LBR-ADM2_simplified.geojson
LBY,Libye,ADM2,gbHumanitarian,22,"UNITAR-UNOSAT, Libyan Bureau of Statistics, WFP,  and Global Logistics Cluster, International Organisation for Migration (IOM), HDX",Creative Commons Attribution 3.0 Intergovernmental Organisations (CC BY 3.0 IGO),2018.0,https://github.com/wmgeolab/geoBoundaries/raw/9469f09/releaseData/gbHumanitarian/LBY/ADM2/geoBoundaries-LBY-ADM2_simplified.geojson
LSO,Lesotho,ADM2,gbHumanitarian,78,"FAO and the Ministry of Local Government 2016, HDX",Creative Commons Attribution 3.0 Intergovernmental Organisations (CC BY 3.0 IGO),2019.0,https://github.com/wmgeolab/geoBoundaries/raw/9469f09/releaseData/gbHumanitarian/LSO/ADM2/geoBoundaries-LSO-ADM2_simplified.geojson
MAR,Maroc,ADM2,gbHumanitarian,69,"UNHCR (from GAUL), HDX",Creative Commons Attribution 3.0 Intergovernmental Organisations (CC BY 3.0 IGO),2020.0,https://github.com/wmgeolab/geoBoundaries/raw/9469f09/releaseData/gbHumanitarian/MAR/ADM2/geoBoundaries-MAR-ADM2_simplified.geojson
MDG,Madagascar,ADM2,gbHumanitarian,119,"Madagascar National Disaster Management Office (BNGRC), HDX",Creative Commons Attribution 3.0 Intergovernmental Organisations (CC BY 3.0 IGO),2010.0,https://github.com/wmgeolab/geoBoundaries/raw/9469f09/releaseData/gbHumanitarian/MDG/ADM2/geoBoundaries-MDG-ADM2_simplified.geojson
MDG,Madagascar,ADM3,gbHumanitarian,1579,"Madagascar National Disaster Management Office (BNGRC), HDX",Creative Commons Attribution 3.0 Intergovernmental Organisations (CC BY 3.0 IGO),2010.0,https://github.com/wmgeolab/geoBoundaries/raw/9469f09/releaseData/gbHumanitarian/MDG/ADM3/geoBoundaries-MDG-ADM3_simplified.geojson
MDG,Madagascar,ADM4,gbHumanitarian,17465,"Madagascar National Disaster Management Office (BNGRC), HDX",Creative Commons Attribution 3.0 Intergovernmental Organisations (CC BY 3.0 IGO),2010.0,https://github.com/wmgeolab/geoBoundaries/raw/9469f09/releaseData/gbHumanitarian/MDG/ADM4/geoBoundaries-MDG-ADM4_simplified.geojson
MLI,Mali,ADM2,gbHumanitarian,53,"DNCT - Direction Nationale des Collectivités Territoriales, HDX",Creative Commons Attribution 3.0 Intergovernmental Organisations (CC BY 3.0 IGO),2015.0,https://github.com/wmgeolab/geoBoundaries/raw/9469f09/releaseData/gbHumanitarian/MLI/ADM2/geoBoundaries-MLI-ADM2_simplified.geojson
MLI,Mali,ADM3,gbHumanitarian,701,"DNCT - Direction Nationale des Collectivités Territoriales, HDX",Creative Commons Attribution 3.0 Intergovernmental Organisations (CC BY 3.0 IGO),2015.0,https://github.com/wmgeolab/geoBoundaries/raw/9469f09/releaseData/gbHumanitarian/MLI/ADM3/geoBoundaries-MLI-ADM3_simplified.geojson
MOZ,Mozambique,ADM2,gbHumanitarian,159,"Mozambique INE (Instituto Nacional de Estatistica)   http//www.ine.gov.mz/  Census 2007 data from  WFP Geonode,  cleaned by UN OCHA ROSEA.  Maputo City districts added from SALB boundaries by OCHA., HDX",Creative Commons Attribution 3.0 Intergovernmental Organisations (CC BY 3.0 IGO),2019.0,https://github.com/wmgeolab/geoBoundaries/raw/9469f09/releaseData/gbHumanitarian/MOZ/ADM2/geoBoundaries-MOZ-ADM2_simplified.geojson
MOZ,Mozambique,ADM3,gbHumanitarian,411,"Mozambique INE (Instituto Nacional de Estatistica)   http//www.ine.gov.mz/  Census 2007 data from  WFP Geonode,  cleaned by UN OCHA ROSEA.  Maputo City districts added from SALB boundaries by OCHA., HDX",Creative Commons Attribution 3.0 Intergovernmental Organisations (CC BY 3.0 IGO),2019.0,https://github.com/wmgeolab/geoBoundaries/raw/9469f09/releaseData/gbHumanitarian/MOZ/ADM3/geoBoundaries-MOZ-ADM3_simplified.geojson
MRT,Mauritanie,ADM2,gbHumanitarian,57,"World Food Programme and OCHA, HDX",Creative Commons Attribution 3.0 Intergovernmental Organisations (CC BY 3.0 IGO),2017.0,https://github.com/wmgeolab/geoBoundaries/raw/9469f09/releaseData/gbHumanitarian/MRT/ADM2/geoBoundaries-MRT-ADM2_simplified.geojson
MWI,Malawi,ADM2,gbHumanitarian,32,"National Statistics Office of Malawi, HDX",Creative Commons Attribution 3.0 Intergovernmental Organisations (CC BY 3.0 IGO),2018.0,https://github.com/wmgeolab/geoBoundaries/raw/9469f09/releaseData/gbHumanitarian/MWI/ADM2/geoBoundaries-MWI-ADM2_simplified.geojson
MWI,Malawi,ADM3,gbHumanitarian,368,"National Statistics Office of Malawi, HDX",Creative Commons Attribution 3.0 Intergovernmental Organisations (CC BY 3.0 IGO),2018.0,https://github.com/wmgeolab/geoBoundaries/raw/9469f09/releaseData/gbHumanitarian/MWI/ADM3/geoBoundaries-MWI-ADM3_simplified.geojson
NAM,Namibie,ADM2,gbHumanitarian,107,"Namibia Statistics Agency (NSA), HDX",Creative Commons Attribution 3.0 Intergovernmental Organisations (CC BY 3.0 IGO),2011.0,https://github.com/wmgeolab/geoBoundaries/raw/9469f09/releaseData/gbHumanitarian/NAM/ADM2/geoBoundaries-NAM-ADM2_simplified.geojson
NER,Niger,ADM2,gbOpen,67,"geoBoundaries, City Population",Creative Commons Attribution 3.0 License,2018.0,https://github.com/wmgeolab/geoBoundaries/raw/9469f09/releaseData/gbOpen/NER/ADM2/geoBoundaries-NER-ADM2_simplified.geojson
NER,Niger,ADM3,gbOpen,266,"OCHA ROWCA, Open Street Map",Creative Commons Attribution 3.0 License,2012.0,https://github.com/wmgeolab/geoBoundaries/raw/9469f09/releaseData/gbOpen/NER/ADM3/geoBoundaries-NER-ADM3_simplified.geojson
NGA,Nigéria,ADM2,gbHumanitarian,774,"Office for the Surveyor General of the Federation of Nigeria (OSGOF), Ehealth, United Nations Cartographic Section (UNCS), HDX",Creative Commons Attribution 3.0 Intergovernmental Organisations (CC BY 3.0 IGO),2017.0,https://github.com/wmgeolab/geoBoundaries/raw/9469f09/releaseData/gbHumanitarian/NGA/ADM2/geoBoundaries-NGA-ADM2_simplified.geojson
RWA,Rwanda,ADM2,gbHumanitarian,30,"National Institute of Statistics of Rwanda (NISR)., HDX",Creative Commons Attribution 3.0 Intergovernmental Organisations (CC BY 3.0 IGO),2018.0,https://github.com/wmgeolab/geoBoundaries/raw/9469f09/releaseData/gbHumanitarian/RWA/ADM2/geoBoundaries-RWA-ADM2_simplified.geojson
RWA,Rwanda,ADM3,gbHumanitarian,416,"National Institute of Statistics of Rwanda (NISR)., HDX",Creative Commons Attribution 3.0 Intergovernmental Organisations (CC BY 3.0 IGO),2018.0,https://github.com/wmgeolab/geoBoundaries/raw/9469f09/releaseData/gbHumanitarian/RWA/ADM3/geoBoundaries-RWA-ADM3_simplified.geojson
RWA,Rwanda,ADM4,gbOpen,2148,Open Data Rwanda,Creative Commons Attribution 4.0 International (CC BY 4.0),2012.0,https://github.com/wmgeolab/geoBoundaries/raw/9469f09/releaseData/gbOpen/RWA/ADM4/geoBoundaries-RWA-ADM4_simplified.geojson
SDN,Soudan,ADM2,gbHumanitarian,189,"Information Management Working Group (IMWG), OCHA, HDX",Creative Commons Attribution 3.0 Intergovernmental Organisations (CC BY 3.0 IGO),2020.0,https://github.com/wmgeolab/geoBoundaries/raw/9469f09/releaseData/gbHumanitarian/SDN/ADM2/geoBoundaries-SDN-ADM2_simplified.geojson
SEN,Sénégal,ADM2,gbHumanitarian,45,"Government of Senegal, 2009  (updated by OCHA/ROWCA) 04 august 2018, HDX",Creative Commons Attribution 3.0 Intergovernmental Organisations (CC BY 3.0 IGO),2019.0,https://github.com/wmgeolab/geoBoundaries/raw/9469f09/releaseData/gbHumanitarian/SEN/ADM2/geoBoundaries-SEN-ADM2_simplified.geojson
SEN,Sénégal,ADM3,gbHumanitarian,121,"Government of Senegal, 2009  (updated by OCHA/ROWCA) 04 august 2018, HDX",Creative Commons Attribution 3.0 Intergovernmental Organisations (CC BY 3.0 IGO),2019.0,https://github.com/wmgeolab/geoBoundaries/raw/9469f09/releaseData/gbHumanitarian/SEN/ADM3/geoBoundaries-SEN-ADM3_simplified.geojson
SLE,Sierra Leone,ADM2,gbHumanitarian,14,"Government of Sierra Leone, HDX",Creative Commons Attribution 3.0 Intergovernmental Organisations (CC BY 3.0 IGO),2017.0,https://github.com/wmgeolab/geoBoundaries/raw/9469f09/releaseData/gbHumanitarian/SLE/ADM2/geoBoundaries-SLE-ADM2_simplified.geojson
SLE,Sierra Leone,ADM3,gbHumanitarian,167,"Government of Sierra Leone, HDX",Creative Commons Attribution 3.0 Intergovernmental Organisations (CC BY 3.0 IGO),2017.0,https://github.com/wmgeolab/geoBoundaries/raw/9469f09/releaseData/gbHumanitarian/SLE/ADM3/geoBoundaries-SLE-ADM3_simplified.geojson
SLE,Sierra Leone,ADM4,gbHumanitarian,1316,"Government of Sierra Leone, HDX",Creative Commons Attribution 3.0 Intergovernmental Organisations (CC BY 3.0 IGO),2017.0,https://github.com/wmgeolab/geoBoundaries/raw/9469f09/releaseData/gbHumanitarian/SLE/ADM4/geoBoundaries-SLE-ADM4_simplified.geojson
SOM,Somalie,ADM2,gbHumanitarian,74,"United National Development Programme (UNDP) 1998, HDX",Creative Commons Attribution 3.0 Intergovernmental Organisations (CC BY 3.0 IGO),2014.0,https://github.com/wmgeolab/geoBoundaries/raw/9469f09/releaseData/gbHumanitarian/SOM/ADM2/geoBoundaries-SOM-ADM2_simplified.geojson
SSD,Soudan du Sud,ADM2,gbHumanitarian,79,"South Sudan Information Management Working Group (IMWG), National Bureau of Statistics (NBS), International Organization for Migration (IOM) and OCHA, HDX",Creative Commons Attribution 3.0 Intergovernmental Organisations (CC BY 3.0 IGO),2018.0,https://github.com/wmgeolab/geoBoundaries/raw/9469f09/releaseData/gbHumanitarian/SSD/ADM2/geoBoundaries-SSD-ADM2_simplified.geojson
STP,Sao Tomé-et-Principe,ADM2,gbHumanitarian,7,"www.gadm.org, HDX",Creative Commons Attribution 3.0 Intergovernmental Organisations (CC BY 3.0 IGO),2020.0,https://github.com/wmgeolab/geoBoundaries/raw/9469f09/releaseData/gbHumanitarian/STP/ADM2/geoBoundaries-STP-ADM2_simplified.geojson
SWZ,Eswatini,ADM2,gbHumanitarian,55,"Central Statistics Office, HDX",Creative Commons Attribution 3.0 Intergovernmental Organisations (CC BY 3.0 IGO),2020.0,https://github.com/wmgeolab/geoBoundaries/raw/9469f09/releaseData/gbHumanitarian/SWZ/ADM2/geoBoundaries-SWZ-ADM2_simplified.geojson
SYC,Seychelles,ADM2,gbHumanitarian,8,"Seychelles National Bureau of Statistics, HDX",Creative Commons Attribution 3.0 Intergovernmental Organisations (CC BY 3.0 IGO),2020.0,https://github.com/wmgeolab/geoBoundaries/raw/9469f09/releaseData/gbHumanitarian/SYC/ADM2/geoBoundaries-SYC-ADM2_simplified.geojson
SYC,Seychelles,ADM3,gbHumanitarian,27,"Seychelles National Bureau of Statistics, HDX",Creative Commons Attribution 3.0 Intergovernmental Organisations (CC BY 3.0 IGO),2020.0,https://github.com/wmgeolab/geoBoundaries/raw/9469f09/releaseData/gbHumanitarian/SYC/ADM3/geoBoundaries-SYC-ADM3_simplified.geojson
TCD,Tchad,ADM2,gbHumanitarian,70,"OCHA Chad, HDX",Creative Commons Attribution 3.0 Intergovernmental Organisations (CC BY 3.0 IGO),2016.0,https://github.com/wmgeolab/geoBoundaries/raw/9469f09/releaseData/gbHumanitarian/TCD/ADM2/geoBoundaries-TCD-ADM2_simplified.geojson
TGO,Togo,ADM2,gbHumanitarian,40,"Global Administrative Unit Layers (GAUL), HDX",Creative Commons Attribution 3.0 Intergovernmental Organisations (CC BY 3.0 IGO),2020.0,https://github.com/wmgeolab/geoBoundaries/raw/9469f09/releaseData/gbHumanitarian/TGO/ADM2/geoBoundaries-TGO-ADM2_simplified.geojson
TGO,Togo,ADM3,gbHumanitarian,373,"Global Administrative Unit Layers (GAUL), HDX",Creative Commons Attribution 3.0 Intergovernmental Organisations (CC BY 3.0 IGO),2020.0,https://github.com/wmgeolab/geoBoundaries/raw/9469f09/releaseData/gbHumanitarian/TGO/ADM3/geoBoundaries-TGO-ADM3_simplified.geojson
TUN,Tunisie,ADM2,gbHumanitarian,24,"Institut National de la Statistique Tunisie, HDX",Creative Commons Attribution 3.0 Intergovernmental Organisations (CC BY 3.0 IGO),2022.0,https://github.com/wmgeolab/geoBoundaries/raw/9469f09/releaseData/gbHumanitarian/TUN/ADM2/geoBoundaries-TUN-ADM2_simplified.geojson
TUN,Tunisie,ADM3,gbHumanitarian,264,"Institut National de la Statistique Tunisie, HDX",Creative Commons Attribution 3.0 Intergovernmental Organisations (CC BY 3.0 IGO),2022.0,https://github.com/wmgeolab/geoBoundaries/raw/9469f09/releaseData/gbHumanitarian/TUN/ADM3/geoBoundaries-TUN-ADM3_simplified.geojson
TUN,Tunisie,ADM4,gbHumanitarian,2084,"Institut National de la Statistique Tunisie, HDX",Creative Commons Attribution 3.0 Intergovernmental Organisations (CC BY 3.0 IGO),2022.0,https://github.com/wmgeolab/geoBoundaries/raw/9469f09/releaseData/gbHumanitarian/TUN/ADM4/geoBoundaries-TUN-ADM4_simplified.geojson
TZA,Tanzanie,ADM2,gbHumanitarian,170,"Tanzania National Bureau of Statistics / UN OCHA ROSA, HDX",Creative Commons Attribution 3.0 Intergovernmental Organisations (CC BY 3.0 IGO),2018.0,https://github.com/wmgeolab/geoBoundaries/raw/9469f09/releaseData/gbHumanitarian/TZA/ADM2/geoBoundaries-TZA-ADM2_simplified.geojson
TZA,Tanzanie,ADM3,gbHumanitarian,3643,"Tanzania National Bureau of Statistics / UN OCHA ROSA, HDX",Creative Commons Attribution 3.0 Intergovernmental Organisations (CC BY 3.0 IGO),2018.0,https://github.com/wmgeolab/geoBoundaries/raw/9469f09/releaseData/gbHumanitarian/TZA/ADM3/geoBoundaries-TZA-ADM3_simplified.geojson
UGA,Ouganda,ADM2,gbHumanitarian,135,"Uganda Bureau of Statistics with support from WHO, HDX",Creative Commons Attribution 3.0 Intergovernmental Organisations (CC BY 3.0 IGO),2020.0,https://github.com/wmgeolab/geoBoundaries/raw/9469f09/releaseData/gbHumanitarian/UGA/ADM2/geoBoundaries-UGA-ADM2_simplified.geojson
UGA,Ouganda,ADM3,gbHumanitarian,203,"Uganda Bureau of Statistics with support from WHO, HDX",Creative Commons Attribution 3.0 Intergovernmental Organisations (CC BY 3.0 IGO),2020.0,https://github.com/wmgeolab/geoBoundaries/raw/9469f09/releaseData/gbHumanitarian/UGA/ADM3/geoBoundaries-UGA-ADM3_simplified.geojson
UGA,Ouganda,ADM4,gbHumanitarian,1520,"Uganda Bureau of Statistics with support from WHO, HDX",Creative Commons Attribution 3.0 Intergovernmental Organisations (CC BY 3.0 IGO),2020.0,https://github.com/wmgeolab/geoBoundaries/raw/9469f09/releaseData/gbHumanitarian/UGA/ADM4/geoBoundaries-UGA-ADM4_simplified.geojson
ZAF,Afrique du Sud,ADM2,gbHumanitarian,52,"South African Municipal Demarcation Board, HDX",Creative Commons Attribution 3.0 Intergovernmental Organisations (CC BY 3.0 IGO),2018.0,https://github.com/wmgeolab/geoBoundaries/raw/9469f09/releaseData/gbHumanitarian/ZAF/ADM2/geoBoundaries-ZAF-ADM2_simplified.geojson
ZAF,Afrique du Sud,ADM3,gbHumanitarian,213,"South African Municipal Demarcation Board, HDX",Creative Commons Attribution 3.0 Intergovernmental Organisations (CC BY 3.0 IGO),2018.0,https://github.com/wmgeolab/geoBoundaries/raw/9469f09/releaseData/gbHumanitarian/ZAF/ADM3/geoBoundaries-ZAF-ADM3_simplified.geojson
ZAF,Afrique du Sud,ADM4,gbHumanitarian,4392,"South African Municipal Demarcation Board, HDX",Creative Commons Attribution 3.0 Intergovernmental Organisations (CC BY 3.0 IGO),2018.0,https://github.com/wmgeolab/geoBoundaries/raw/9469f09/releaseData/gbHumanitarian/ZAF/ADM4/geoBoundaries-ZAF-ADM4_simplified.geojson
ZMB,Zambie,ADM2,gbHumanitarian,115,"Disaster Management and Mitigation Unit (DMMU) Zambia, HDX",Creative Commons Attribution 3.0 Intergovernmental Organisations (CC BY 3.0 IGO),2020.0,https://github.com/wmgeolab/geoBoundaries/raw/9469f09/releaseData/gbHumanitarian/ZMB/ADM2/geoBoundaries-ZMB-ADM2_simplified.geojson
ZWE,Zimbabwe,ADM2,gbHumanitarian,91,"Zimbabwe National Statistics Agency (ZIMSTAT  www.zimstat.co.zw) Central Statistics Office, HDX",Creative Commons Attribution 3.0 Intergovernmental Organisations (CC BY 3.0 IGO),2018.0,https://github.com/wmgeolab/geoBoundaries/raw/9469f09/releaseData/gbHumanitarian/ZWE/ADM2/geoBoundaries-ZWE-ADM2_simplified.geojson
ZWE,Zimbabwe,ADM3,gbHumanitarian,1961,"Zimbabwe National Statistics Agency (ZIMSTAT  www.zimstat.co.zw) Central Statistics Office, HDX",Creative Commons Attribution 3.0 Intergovernmental Organisations (CC BY 3.0 IGO),2018.0,https://github.com/wmgeolab/geoBoundaries/raw/9469f09/releaseData/gbHumanitarian/ZWE/ADM3/geoBoundaries-ZWE-ADM3_simplified.geojson
AGO,Angola,LOCALITES,GeoNames cities1000,565,GeoNames,CC BY 4.0,,
BDI,Burundi,LOCALITES,GeoNames cities1000,32,GeoNames,CC BY 4.0,,
BEN,Bénin,LOCALITES,GeoNames cities1000,87,GeoNames,CC BY 4.0,,
BFA,Burkina Faso,LOCALITES,GeoNames cities1000,113,GeoNames,CC BY 4.0,,
BWA,Botswana,LOCALITES,GeoNames cities1000,120,GeoNames,CC BY 4.0,,
CAF,République centrafricaine,LOCALITES,GeoNames cities1000,51,GeoNames,CC BY 4.0,,
CIV,Côte d'Ivoire,LOCALITES,GeoNames cities1000,3775,GeoNames,CC BY 4.0,,
CMR,Cameroun,LOCALITES,GeoNames cities1000,142,GeoNames,CC BY 4.0,,
COD,RD Congo,LOCALITES,GeoNames cities1000,118,GeoNames,CC BY 4.0,,
COG,Congo,LOCALITES,GeoNames cities1000,59,GeoNames,CC BY 4.0,,
COM,Comores,LOCALITES,GeoNames cities1000,93,GeoNames,CC BY 4.0,,
CPV,Cabo Verde,LOCALITES,GeoNames cities1000,141,GeoNames,CC BY 4.0,,
DJI,Djibouti,LOCALITES,GeoNames cities1000,26,GeoNames,CC BY 4.0,,
DZA,Algérie,LOCALITES,GeoNames cities1000,350,GeoNames,CC BY 4.0,,
EGY,Égypte,LOCALITES,GeoNames cities1000,259,GeoNames,CC BY 4.0,,
ERI,Érythrée,LOCALITES,GeoNames cities1000,18,GeoNames,CC BY 4.0,,
ETH,Éthiopie,LOCALITES,GeoNames cities1000,256,GeoNames,CC BY 4.0,,
GAB,Gabon,LOCALITES,GeoNames cities1000,50,GeoNames,CC BY 4.0,,
GHA,Ghana,LOCALITES,GeoNames cities1000,119,GeoNames,CC BY 4.0,,
GIN,Guinée,LOCALITES,GeoNames cities1000,83,GeoNames,CC BY 4.0,,
GMB,Gambie,LOCALITES,GeoNames cities1000,126,GeoNames,CC BY 4.0,,
GNB,Guinée-Bissau,LOCALITES,GeoNames cities1000,50,GeoNames,CC BY 4.0,,
GNQ,Guinée équatoriale,LOCALITES,GeoNames cities1000,26,GeoNames,CC BY 4.0,,
KEN,Kenya,LOCALITES,GeoNames cities1000,334,GeoNames,CC BY 4.0,,
LBR,Libéria,LOCALITES,GeoNames cities1000,27,GeoNames,CC BY 4.0,,
LBY,Libye,LOCALITES,GeoNames cities1000,119,GeoNames,CC BY 4.0,,
LSO,Lesotho,LOCALITES,GeoNames cities1000,48,GeoNames,CC BY 4.0,,
MAR,Maroc,LOCALITES,GeoNames cities1000,479,GeoNames,CC BY 4.0,,
MDG,Madagascar,LOCALITES,GeoNames cities1000,152,GeoNames,CC BY 4.0,,
MLI,Mali,LOCALITES,GeoNames cities1000,94,GeoNames,CC BY 4.0,,
MOZ,Mozambique,LOCALITES,GeoNames cities1000,94,GeoNames,CC BY 4.0,,
MRT,Mauritanie,LOCALITES,GeoNames cities1000,85,GeoNames,CC BY 4.0,,
MUS,Maurice,LOCALITES,GeoNames cities1000,113,GeoNames,CC BY 4.0,,
MWI,Malawi,LOCALITES,GeoNames cities1000,39,GeoNames,CC BY 4.0,,
NAM,Namibie,LOCALITES,GeoNames cities1000,80,GeoNames,CC BY 4.0,,
NER,Niger,LOCALITES,GeoNames cities1000,74,GeoNames,CC BY 4.0,,
NGA,Nigéria,LOCALITES,GeoNames cities1000,927,GeoNames,CC BY 4.0,,
RWA,Rwanda,LOCALITES,GeoNames cities1000,51,GeoNames,CC BY 4.0,,
SDN,Soudan,LOCALITES,GeoNames cities1000,112,GeoNames,CC BY 4.0,,
SEN,Sénégal,LOCALITES,GeoNames cities1000,153,GeoNames,CC BY 4.0,,
SLE,Sierra Leone,LOCALITES,GeoNames cities1000,87,GeoNames,CC BY 4.0,,
SOM,Somalie,LOCALITES,GeoNames cities1000,75,GeoNames,CC BY 4.0,,
SSD,Soudan du Sud,LOCALITES,GeoNames cities1000,23,GeoNames,CC BY 4.0,,
STP,Sao Tomé-et-Principe,LOCALITES,GeoNames cities1000,26,GeoNames,CC BY 4.0,,
SWZ,Eswatini,LOCALITES,GeoNames cities1000,24,GeoNames,CC BY 4.0,,
SYC,Seychelles,LOCALITES,GeoNames cities1000,26,GeoNames,CC BY 4.0,,
TCD,Tchad,LOCALITES,GeoNames cities1000,72,GeoNames,CC BY 4.0,,
TGO,Togo,LOCALITES,GeoNames cities1000,35,GeoNames,CC BY 4.0,,
TUN,Tunisie,LOCALITES,GeoNames cities1000,285,GeoNames,CC BY 4.0,,
TZA,Tanzanie,LOCALITES,GeoNames cities1000,324,GeoNames,CC BY 4.0,,
UGA,Ouganda,LOCALITES,GeoNames cities1000,208,GeoNames,CC BY 4.0,,
ZAF,Afrique du Sud,LOCALITES,GeoNames cities1000,975,GeoNames,CC BY 4.0,,
ZMB,Zambie,LOCALITES,GeoNames cities1000,98,GeoNames,CC BY 4.0,,
ZWE,Zimbabwe,LOCALITES,GeoNames cities1000,68,GeoNames,CC BY 4.0,,
