iso3,year,mcv1,mcv2
AGO,2000,41.0,0.0
AGO,2001,72.0,0.0
AGO,2002,74.0,0.0
AGO,2003,62.0,0.0
AGO,2004,64.0,0.0
AGO,2005,45.0,0.0
AGO,2006,48.0,0.0
AGO,2007,58.0,0.0
AGO,2008,58.0,0.0
AGO,2009,58.0,0.0
AGO,2010,59.0,0.0
AGO,2011,59.0,0.0
AGO,2012,59.0,0.0
AGO,2013,59.0,0.0
AGO,2014,56.0,0.0
AGO,2015,52.0,17.0
AGO,2016,49.0,16.0
AGO,2017,47.0,21.0
AGO,2018,56.0,25.0
AGO,2019,59.0,41.0
AGO,2020,54.0,36.0
AGO,2021,48.0,29.0
AGO,2022,50.0,33.0
AGO,2023,63.0,43.0
AGO,2024,53.0,31.0
AGO,2025,71.0,46.0
BDI,2000,72.0,0.0
BDI,2001,73.0,0.0
BDI,2002,75.0,0.0
BDI,2003,76.0,0.0
BDI,2004,78.0,0.0
BDI,2005,87.0,0.0
BDI,2006,92.0,0.0
BDI,2007,88.0,0.0
BDI,2008,84.0,0.0
BDI,2009,91.0,0.0
BDI,2010,92.0,0.0
BDI,2011,93.0,0.0
BDI,2012,93.0,0.0
BDI,2013,98.0,51.0
BDI,2014,94.0,60.0
BDI,2015,93.0,65.0
BDI,2016,93.0,72.0
BDI,2017,90.0,75.0
BDI,2018,88.0,77.0
BDI,2019,92.0,80.0
BDI,2020,90.0,83.0
BDI,2021,90.0,85.0
BDI,2022,89.0,85.0
BDI,2023,86.0,80.0
BDI,2024,86.0,80.0
BDI,2025,86.0,80.0
BEN,2000,70.0,0.0
BEN,2001,68.0,0.0
BEN,2002,66.0,0.0
BEN,2003,65.0,0.0
BEN,2004,63.0,0.0
BEN,2005,61.0,0.0
BEN,2006,66.0,0.0
BEN,2007,70.0,0.0
BEN,2008,66.0,0.0
BEN,2009,71.0,0.0
BEN,2010,68.0,0.0
BEN,2011,70.0,0.0
BEN,2012,74.0,0.0
BEN,2013,68.0,0.0
BEN,2014,65.0,0.0
BEN,2015,67.0,0.0
BEN,2016,68.0,0.0
BEN,2017,65.0,0.0
BEN,2018,61.0,0.0
BEN,2019,58.0,0.0
BEN,2020,54.0,0.0
BEN,2021,53.0,0.0
BEN,2022,52.0,0.0
BEN,2023,52.0,0.0
BEN,2024,51.0,0.0
BEN,2025,49.0,23.0
BFA,2000,48.0,0.0
BFA,2001,63.0,0.0
BFA,2002,64.0,0.0
BFA,2003,76.0,0.0
BFA,2004,78.0,0.0
BFA,2005,84.0,0.0
BFA,2006,88.0,0.0
BFA,2007,94.0,0.0
BFA,2008,94.0,0.0
BFA,2009,94.0,0.0
BFA,2010,92.0,0.0
BFA,2011,89.0,0.0
BFA,2012,87.0,0.0
BFA,2013,82.0,0.0
BFA,2014,88.0,17.0
BFA,2015,88.0,50.0
BFA,2016,88.0,59.0
BFA,2017,88.0,65.0
BFA,2018,88.0,71.0
BFA,2019,88.0,71.0
BFA,2020,88.0,71.0
BFA,2021,88.0,71.0
BFA,2022,88.0,66.0
BFA,2023,88.0,65.0
BFA,2024,88.0,65.0
BFA,2025,88.0,65.0
BWA,2000,91.0,0.0
BWA,2001,91.0,0.0
BWA,2002,92.0,0.0
BWA,2003,92.0,0.0
BWA,2004,93.0,0.0
BWA,2005,93.0,0.0
BWA,2006,94.0,0.0
BWA,2007,95.0,0.0
BWA,2008,95.0,0.0
BWA,2009,96.0,0.0
BWA,2010,96.0,0.0
BWA,2011,97.0,0.0
BWA,2012,97.0,0.0
BWA,2013,97.0,82.0
BWA,2014,97.0,85.0
BWA,2015,97.0,80.0
BWA,2016,97.0,74.0
BWA,2017,97.0,74.0
BWA,2018,97.0,74.0
BWA,2019,97.0,76.0
BWA,2020,87.0,66.0
BWA,2021,97.0,70.0
BWA,2022,90.0,77.0
BWA,2023,97.0,79.0
BWA,2024,97.0,77.0
BWA,2025,83.0,66.0
CAF,2000,36.0,0.0
CAF,2001,35.0,0.0
CAF,2002,42.0,0.0
CAF,2003,49.0,0.0
CAF,2004,55.0,0.0
CAF,2005,62.0,0.0
CAF,2006,61.0,0.0
CAF,2007,59.0,0.0
CAF,2008,58.0,0.0
CAF,2009,56.0,0.0
CAF,2010,53.0,0.0
CAF,2011,49.0,0.0
CAF,2012,48.0,0.0
CAF,2013,25.0,0.0
CAF,2014,47.0,0.0
CAF,2015,46.0,0.0
CAF,2016,45.0,0.0
CAF,2017,41.0,0.0
CAF,2018,39.0,0.0
CAF,2019,37.0,0.0
CAF,2020,36.0,0.0
CAF,2021,34.0,0.0
CAF,2022,32.0,0.0
CAF,2023,39.0,0.0
CAF,2024,41.0,0.0
CAF,2025,44.0,0.0
CIV,2000,68.0,0.0
CIV,2001,71.0,0.0
CIV,2002,71.0,0.0
CIV,2003,70.0,0.0
CIV,2004,78.0,0.0
CIV,2005,84.0,0.0
CIV,2006,73.0,0.0
CIV,2007,67.0,0.0
CIV,2008,63.0,0.0
CIV,2009,67.0,0.0
CIV,2010,64.0,0.0
CIV,2011,49.0,0.0
CIV,2012,74.0,0.0
CIV,2013,70.0,0.0
CIV,2014,59.0,0.0
CIV,2015,67.0,0.0
CIV,2016,73.0,0.0
CIV,2017,70.0,0.0
CIV,2018,73.0,0.0
CIV,2019,72.0,0.0
CIV,2020,63.0,0.0
CIV,2021,62.0,1.0
CIV,2022,56.0,15.0
CIV,2023,63.0,32.0
CIV,2024,65.0,48.0
CIV,2025,58.0,49.0
CMR,2000,49.0,0.0
CMR,2001,51.0,0.0
CMR,2002,53.0,0.0
CMR,2003,61.0,0.0
CMR,2004,64.0,0.0
CMR,2005,68.0,0.0
CMR,2006,73.0,0.0
CMR,2007,74.0,0.0
CMR,2008,80.0,0.0
CMR,2009,74.0,0.0
CMR,2010,79.0,0.0
CMR,2011,76.0,0.0
CMR,2012,74.0,0.0
CMR,2013,71.0,0.0
CMR,2014,71.0,0.0
CMR,2015,71.0,0.0
CMR,2016,72.0,0.0
CMR,2017,67.0,0.0
CMR,2018,61.0,0.0
CMR,2019,61.0,0.0
CMR,2020,63.0,22.0
CMR,2021,65.0,28.0
CMR,2022,68.0,36.0
CMR,2023,71.0,45.0
CMR,2024,71.0,49.0
CMR,2025,75.0,66.0
COD,2000,26.0,0.0
COD,2001,34.0,0.0
COD,2002,41.0,0.0
COD,2003,48.0,0.0
COD,2004,57.0,0.0
COD,2005,61.0,0.0
COD,2006,63.0,0.0
COD,2007,64.0,0.0
COD,2008,64.0,0.0
COD,2009,65.0,0.0
COD,2010,66.0,0.0
COD,2011,66.0,0.0
COD,2012,69.0,0.0
COD,2013,68.0,0.0
COD,2014,69.0,0.0
COD,2015,65.0,0.0
COD,2016,63.0,0.0
COD,2017,65.0,0.0
COD,2018,64.0,0.0
COD,2019,65.0,0.0
COD,2020,62.0,0.0
COD,2021,55.0,0.0
COD,2022,56.0,0.0
COD,2023,52.0,18.0
COD,2024,55.0,51.0
COD,2025,55.0,51.0
COG,2000,34.0,0.0
COG,2001,35.0,0.0
COG,2002,37.0,0.0
COG,2003,50.0,0.0
COG,2004,65.0,0.0
COG,2005,54.0,0.0
COG,2006,61.0,0.0
COG,2007,59.0,0.0
COG,2008,69.0,0.0
COG,2009,63.0,0.0
COG,2010,75.0,0.0
COG,2011,83.0,0.0
COG,2012,80.0,0.0
COG,2013,80.0,0.0
COG,2014,80.0,0.0
COG,2015,80.0,0.0
COG,2016,67.0,0.0
COG,2017,70.0,0.0
COG,2018,75.0,0.0
COG,2019,73.0,9.0
COG,2020,68.0,29.0
COG,2021,68.0,31.0
COG,2022,65.0,34.0
COG,2023,65.0,34.0
COG,2024,78.0,50.0
COG,2025,85.0,63.0
COM,2000,70.0,0.0
COM,2001,70.0,0.0
COM,2002,71.0,0.0
COM,2003,67.0,0.0
COM,2004,76.0,0.0
COM,2005,67.0,0.0
COM,2006,66.0,0.0
COM,2007,65.0,0.0
COM,2008,76.0,0.0
COM,2009,79.0,0.0
COM,2010,72.0,0.0
COM,2011,79.0,0.0
COM,2012,85.0,0.0
COM,2013,82.0,0.0
COM,2014,80.0,0.0
COM,2015,81.0,0.0
COM,2016,77.0,0.0
COM,2017,75.0,0.0
COM,2018,74.0,0.0
COM,2019,76.0,0.0
COM,2020,75.0,0.0
COM,2021,68.0,19.0
COM,2022,71.0,71.0
COM,2023,70.0,70.0
COM,2024,70.0,70.0
COM,2025,70.0,70.0
CPV,2000,86.0,0.0
CPV,2001,88.0,0.0
CPV,2002,89.0,0.0
CPV,2003,90.0,0.0
CPV,2004,91.0,0.0
CPV,2005,93.0,0.0
CPV,2006,94.0,0.0
CPV,2007,96.0,0.0
CPV,2008,97.0,0.0
CPV,2009,97.0,0.0
CPV,2010,97.0,0.0
CPV,2011,96.0,99.0
CPV,2012,91.0,94.0
CPV,2013,91.0,89.0
CPV,2014,93.0,79.0
CPV,2015,92.0,95.0
CPV,2016,93.0,92.0
CPV,2017,96.0,85.0
CPV,2018,99.0,88.0
CPV,2019,98.0,91.0
CPV,2020,95.0,86.0
CPV,2021,95.0,86.0
CPV,2022,95.0,86.0
CPV,2023,95.0,86.0
CPV,2024,95.0,86.0
CPV,2025,95.0,86.0
DJI,2000,50.0,0.0
DJI,2001,49.0,0.0
DJI,2002,62.0,0.0
DJI,2003,66.0,0.0
DJI,2004,60.0,0.0
DJI,2005,65.0,0.0
DJI,2006,67.0,0.0
DJI,2007,74.0,0.0
DJI,2008,73.0,0.0
DJI,2009,84.0,0.0
DJI,2010,85.0,0.0
DJI,2011,84.0,0.0
DJI,2012,83.0,82.0
DJI,2013,80.0,82.0
DJI,2014,71.0,82.0
DJI,2015,74.0,82.0
DJI,2016,75.0,81.0
DJI,2017,81.0,81.0
DJI,2018,86.0,81.0
DJI,2019,83.0,81.0
DJI,2020,62.0,60.0
DJI,2021,50.0,48.0
DJI,2022,50.0,48.0
DJI,2023,76.0,64.0
DJI,2024,75.0,51.0
DJI,2025,75.0,58.0
DZA,2000,80.0,78.0
DZA,2001,83.0,73.0
DZA,2002,81.0,93.0
DZA,2003,84.0,96.0
DZA,2004,81.0,94.0
DZA,2005,83.0,94.0
DZA,2006,91.0,98.0
DZA,2007,92.0,95.0
DZA,2008,88.0,96.0
DZA,2009,92.0,98.0
DZA,2010,95.0,95.0
DZA,2011,95.0,96.0
DZA,2012,95.0,95.0
DZA,2013,95.0,93.0
DZA,2014,95.0,99.0
DZA,2015,95.0,99.0
DZA,2016,94.0,96.0
DZA,2017,88.0,92.0
DZA,2018,80.0,77.0
DZA,2019,80.0,76.0
DZA,2020,80.0,74.0
DZA,2021,79.0,73.0
DZA,2022,79.0,71.0
DZA,2023,99.0,93.0
DZA,2024,94.0,90.0
DZA,2025,96.0,92.0
EGY,2000,98.0,97.0
EGY,2001,97.0,99.0
EGY,2002,97.0,96.0
EGY,2003,98.0,97.0
EGY,2004,97.0,96.0
EGY,2005,98.0,97.0
EGY,2006,98.0,97.0
EGY,2007,97.0,97.0
EGY,2008,92.0,96.0
EGY,2009,95.0,96.0
EGY,2010,96.0,97.0
EGY,2011,96.0,97.0
EGY,2012,93.0,92.0
EGY,2013,96.0,96.0
EGY,2014,93.0,93.0
EGY,2015,92.0,92.0
EGY,2016,95.0,96.0
EGY,2017,94.0,94.0
EGY,2018,94.0,94.0
EGY,2019,95.0,94.0
EGY,2020,94.0,94.0
EGY,2021,96.0,96.0
EGY,2022,96.0,96.0
EGY,2023,96.0,95.0
EGY,2024,97.0,96.0
EGY,2025,97.0,96.0
ERI,2000,76.0,0.0
ERI,2001,84.0,0.0
ERI,2002,83.0,0.0
ERI,2003,92.0,0.0
ERI,2004,96.0,0.0
ERI,2005,95.0,0.0
ERI,2006,94.0,0.0
ERI,2007,92.0,0.0
ERI,2008,91.0,0.0
ERI,2009,93.0,0.0
ERI,2010,95.0,0.0
ERI,2011,96.0,0.0
ERI,2012,98.0,0.0
ERI,2013,94.0,0.0
ERI,2014,90.0,0.0
ERI,2015,97.0,88.0
ERI,2016,95.0,88.0
ERI,2017,93.0,88.0
ERI,2018,93.0,85.0
ERI,2019,93.0,85.0
ERI,2020,93.0,85.0
ERI,2021,93.0,85.0
ERI,2022,93.0,85.0
ERI,2023,93.0,85.0
ERI,2024,93.0,85.0
ERI,2025,93.0,89.0
ETH,2000,28.0,0.0
ETH,2001,29.0,0.0
ETH,2002,32.0,0.0
ETH,2003,33.0,0.0
ETH,2004,35.0,0.0
ETH,2005,40.0,0.0
ETH,2006,44.0,0.0
ETH,2007,49.0,0.0
ETH,2008,54.0,0.0
ETH,2009,59.0,0.0
ETH,2010,64.0,0.0
ETH,2011,68.0,0.0
ETH,2012,62.0,0.0
ETH,2013,55.0,0.0
ETH,2014,54.0,0.0
ETH,2015,56.0,0.0
ETH,2016,57.0,0.0
ETH,2017,59.0,0.0
ETH,2018,62.0,0.0
ETH,2019,65.0,47.0
ETH,2020,67.0,51.0
ETH,2021,65.0,52.0
ETH,2022,67.0,61.0
ETH,2023,71.0,62.0
ETH,2024,72.0,64.0
ETH,2025,77.0,72.0
GAB,2000,55.0,0.0
GAB,2001,55.0,0.0
GAB,2002,55.0,0.0
GAB,2003,55.0,0.0
GAB,2004,55.0,0.0
GAB,2005,55.0,0.0
GAB,2006,55.0,0.0
GAB,2007,62.0,0.0
GAB,2008,67.0,0.0
GAB,2009,63.0,0.0
GAB,2010,62.0,0.0
GAB,2011,72.0,0.0
GAB,2012,71.0,0.0
GAB,2013,70.0,0.0
GAB,2014,61.0,0.0
GAB,2015,68.0,0.0
GAB,2016,64.0,0.0
GAB,2017,63.0,0.0
GAB,2018,59.0,0.0
GAB,2019,62.0,0.0
GAB,2020,53.0,0.0
GAB,2021,64.0,0.0
GAB,2022,52.0,0.0
GAB,2023,66.0,0.0
GAB,2024,57.0,0.0
GAB,2025,56.0,0.0
GHA,2000,90.0,0.0
GHA,2001,78.0,0.0
GHA,2002,78.0,0.0
GHA,2003,80.0,0.0
GHA,2004,83.0,0.0
GHA,2005,83.0,0.0
GHA,2006,85.0,0.0
GHA,2007,95.0,0.0
GHA,2008,86.0,0.0
GHA,2009,93.0,0.0
GHA,2010,93.0,0.0
GHA,2011,91.0,0.0
GHA,2012,89.0,52.0
GHA,2013,89.0,54.0
GHA,2014,92.0,67.0
GHA,2015,89.0,63.0
GHA,2016,89.0,75.0
GHA,2017,95.0,83.0
GHA,2018,92.0,83.0
GHA,2019,92.0,83.0
GHA,2020,88.0,79.0
GHA,2021,94.0,83.0
GHA,2022,95.0,84.0
GHA,2023,88.0,82.0
GHA,2024,95.0,92.0
GHA,2025,93.0,92.0
GIN,2000,42.0,0.0
GIN,2001,44.0,0.0
GIN,2002,46.0,0.0
GIN,2003,48.0,0.0
GIN,2004,50.0,0.0
GIN,2005,51.0,0.0
GIN,2006,51.0,0.0
GIN,2007,57.0,0.0
GIN,2008,55.0,0.0
GIN,2009,53.0,0.0
GIN,2010,58.0,0.0
GIN,2011,62.0,0.0
GIN,2012,58.0,0.0
GIN,2013,54.0,0.0
GIN,2014,50.0,0.0
GIN,2015,47.0,0.0
GIN,2016,48.0,0.0
GIN,2017,48.0,0.0
GIN,2018,49.0,0.0
GIN,2019,50.0,0.0
GIN,2020,50.0,0.0
GIN,2021,51.0,0.0
GIN,2022,51.0,3.0
GIN,2023,52.0,26.0
GIN,2024,60.0,45.0
GIN,2025,62.0,47.0
GMB,2000,89.0,0.0
GMB,2001,89.0,0.0
GMB,2002,90.0,0.0
GMB,2003,90.0,0.0
GMB,2004,92.0,0.0
GMB,2005,91.0,0.0
GMB,2006,89.0,0.0
GMB,2007,88.0,0.0
GMB,2008,92.0,0.0
GMB,2009,96.0,0.0
GMB,2010,92.0,0.0
GMB,2011,91.0,0.0
GMB,2012,95.0,56.0
GMB,2013,96.0,53.0
GMB,2014,96.0,73.0
GMB,2015,97.0,77.0
GMB,2016,97.0,79.0
GMB,2017,90.0,68.0
GMB,2018,91.0,71.0
GMB,2019,85.0,61.0
GMB,2020,82.0,61.0
GMB,2021,79.0,61.0
GMB,2022,74.0,52.0
GMB,2023,80.0,73.0
GMB,2024,83.0,83.0
GMB,2025,78.0,78.0
GNB,2000,71.0,0.0
GNB,2001,72.0,0.0
GNB,2002,73.0,0.0
GNB,2003,74.0,0.0
GNB,2004,75.0,0.0
GNB,2005,76.0,0.0
GNB,2006,74.0,0.0
GNB,2007,73.0,0.0
GNB,2008,71.0,0.0
GNB,2009,69.0,0.0
GNB,2010,76.0,0.0
GNB,2011,83.0,0.0
GNB,2012,81.0,0.0
GNB,2013,81.0,0.0
GNB,2014,81.0,0.0
GNB,2015,80.0,0.0
GNB,2016,80.0,0.0
GNB,2017,66.0,0.0
GNB,2018,81.0,0.0
GNB,2019,83.0,0.0
GNB,2020,78.0,0.0
GNB,2021,70.0,0.0
GNB,2022,84.0,0.0
GNB,2023,83.0,37.0
GNB,2024,76.0,45.0
GNB,2025,69.0,36.0
GNQ,2000,50.0,0.0
GNQ,2001,50.0,0.0
GNQ,2002,49.0,0.0
GNQ,2003,48.0,0.0
GNQ,2004,48.0,0.0
GNQ,2005,47.0,0.0
GNQ,2006,47.0,0.0
GNQ,2007,46.0,0.0
GNQ,2008,45.0,0.0
GNQ,2009,45.0,0.0
GNQ,2010,44.0,0.0
GNQ,2011,46.0,0.0
GNQ,2012,49.0,0.0
GNQ,2013,51.0,0.0
GNQ,2014,53.0,0.0
GNQ,2015,50.0,0.0
GNQ,2016,53.0,0.0
GNQ,2017,54.0,0.0
GNQ,2018,55.0,0.0
GNQ,2019,57.0,0.0
GNQ,2020,58.0,0.0
GNQ,2021,59.0,17.0
GNQ,2022,60.0,13.0
GNQ,2023,61.0,28.0
GNQ,2024,53.0,31.0
GNQ,2025,62.0,53.0
KEN,2000,78.0,0.0
KEN,2001,77.0,0.0
KEN,2002,78.0,0.0
KEN,2003,72.0,0.0
KEN,2004,73.0,0.0
KEN,2005,69.0,0.0
KEN,2006,77.0,0.0
KEN,2007,80.0,0.0
KEN,2008,90.0,0.0
KEN,2009,88.0,0.0
KEN,2010,86.0,0.0
KEN,2011,87.0,0.0
KEN,2012,93.0,0.0
KEN,2013,94.0,0.0
KEN,2014,95.0,0.0
KEN,2015,96.0,28.0
KEN,2016,93.0,35.0
KEN,2017,84.0,41.0
KEN,2018,92.0,53.0
KEN,2019,92.0,60.0
KEN,2020,89.0,67.0
KEN,2021,88.0,71.0
KEN,2022,85.0,70.0
KEN,2023,85.0,76.0
KEN,2024,82.0,76.0
KEN,2025,80.0,81.0
LBR,2000,63.0,0.0
LBR,2001,58.0,0.0
LBR,2002,52.0,0.0
LBR,2003,47.0,0.0
LBR,2004,41.0,0.0
LBR,2005,62.0,0.0
LBR,2006,63.0,0.0
LBR,2007,71.0,0.0
LBR,2008,76.0,0.0
LBR,2009,83.0,0.0
LBR,2010,65.0,0.0
LBR,2011,71.0,0.0
LBR,2012,80.0,0.0
LBR,2013,74.0,0.0
LBR,2014,58.0,0.0
LBR,2015,64.0,0.0
LBR,2016,70.0,0.0
LBR,2017,75.0,0.0
LBR,2018,74.0,0.0
LBR,2019,68.0,13.0
LBR,2020,61.0,30.0
LBR,2021,58.0,35.0
LBR,2022,79.0,59.0
LBR,2023,82.0,60.0
LBR,2024,82.0,60.0
LBR,2025,82.0,60.0
LBY,2000,93.0,0.0
LBY,2001,93.0,81.0
LBY,2002,91.0,86.0
LBY,2003,96.0,90.0
LBY,2004,99.0,95.0
LBY,2005,97.0,95.0
LBY,2006,98.0,96.0
LBY,2007,98.0,97.0
LBY,2008,98.0,97.0
LBY,2009,98.0,97.0
LBY,2010,98.0,97.0
LBY,2011,98.0,97.0
LBY,2012,98.0,97.0
LBY,2013,96.0,95.0
LBY,2014,93.0,92.0
LBY,2015,98.0,97.0
LBY,2016,97.0,96.0
LBY,2017,95.0,94.0
LBY,2018,73.0,72.0
LBY,2019,73.0,72.0
LBY,2020,73.0,72.0
LBY,2021,73.0,72.0
LBY,2022,73.0,72.0
LBY,2023,73.0,72.0
LBY,2024,89.0,80.0
LBY,2025,93.0,85.0
LSO,2000,74.0,0.0
LSO,2001,70.0,46.0
LSO,2002,78.0,50.0
LSO,2003,85.0,47.0
LSO,2004,84.0,56.0
LSO,2005,83.0,68.0
LSO,2006,82.0,80.0
LSO,2007,81.0,80.0
LSO,2008,80.0,80.0
LSO,2009,84.0,81.0
LSO,2010,88.0,81.0
LSO,2011,92.0,82.0
LSO,2012,91.0,82.0
LSO,2013,90.0,79.0
LSO,2014,92.0,78.0
LSO,2015,93.0,75.0
LSO,2016,90.0,74.0
LSO,2017,89.0,70.0
LSO,2018,89.0,69.0
LSO,2019,90.0,66.0
LSO,2020,90.0,65.0
LSO,2021,90.0,67.0
LSO,2022,84.0,63.0
LSO,2023,76.0,72.0
LSO,2024,90.0,74.0
LSO,2025,80.0,70.0
MAR,2000,93.0,0.0
MAR,2001,96.0,0.0
MAR,2002,94.0,0.0
MAR,2003,90.0,0.0
MAR,2004,95.0,91.0
MAR,2005,97.0,92.0
MAR,2006,95.0,92.0
MAR,2007,95.0,92.0
MAR,2008,96.0,0.0
MAR,2009,98.0,0.0
MAR,2010,98.0,0.0
MAR,2011,99.0,0.0
MAR,2012,99.0,0.0
MAR,2013,99.0,0.0
MAR,2014,99.0,54.0
MAR,2015,99.0,95.0
MAR,2016,99.0,99.0
MAR,2017,99.0,99.0
MAR,2018,99.0,99.0
MAR,2019,99.0,99.0
MAR,2020,99.0,98.0
MAR,2021,99.0,97.0
MAR,2022,99.0,96.0
MAR,2023,99.0,97.0
MAR,2024,98.0,98.0
MAR,2025,98.0,98.0
MDG,2000,57.0,0.0
MDG,2001,59.0,0.0
MDG,2002,61.0,0.0
MDG,2003,65.0,0.0
MDG,2004,79.0,0.0
MDG,2005,74.0,0.0
MDG,2006,71.0,0.0
MDG,2007,81.0,0.0
MDG,2008,70.0,0.0
MDG,2009,63.0,0.0
MDG,2010,66.0,0.0
MDG,2011,62.0,0.0
MDG,2012,63.0,0.0
MDG,2013,64.0,0.0
MDG,2014,66.0,0.0
MDG,2015,60.0,0.0
MDG,2016,62.0,0.0
MDG,2017,55.0,0.0
MDG,2018,68.0,0.0
MDG,2019,60.0,0.0
MDG,2020,55.0,14.0
MDG,2021,43.0,24.0
MDG,2022,44.0,32.0
MDG,2023,51.0,47.0
MDG,2024,46.0,46.0
MDG,2025,49.0,41.0
MLI,2000,49.0,0.0
MLI,2001,54.0,0.0
MLI,2002,56.0,0.0
MLI,2003,57.0,0.0
MLI,2004,63.0,0.0
MLI,2005,73.0,0.0
MLI,2006,68.0,0.0
MLI,2007,66.0,0.0
MLI,2008,71.0,0.0
MLI,2009,73.0,0.0
MLI,2010,78.0,0.0
MLI,2011,72.0,0.0
MLI,2012,67.0,0.0
MLI,2013,62.0,0.0
MLI,2014,61.0,0.0
MLI,2015,65.0,0.0
MLI,2016,70.0,0.0
MLI,2017,70.0,0.0
MLI,2018,70.0,0.0
MLI,2019,71.0,4.0
MLI,2020,62.0,26.0
MLI,2021,71.0,33.0
MLI,2022,69.0,36.0
MLI,2023,68.0,41.0
MLI,2024,72.0,47.0
MLI,2025,68.0,52.0
MOZ,2000,71.0,0.0
MOZ,2001,74.0,0.0
MOZ,2002,77.0,0.0
MOZ,2003,80.0,0.0
MOZ,2004,79.0,0.0
MOZ,2005,78.0,0.0
MOZ,2006,76.0,0.0
MOZ,2007,75.0,0.0
MOZ,2008,77.0,0.0
MOZ,2009,80.0,0.0
MOZ,2010,82.0,0.0
MOZ,2011,82.0,0.0
MOZ,2012,83.0,0.0
MOZ,2013,83.0,0.0
MOZ,2014,83.0,0.0
MOZ,2015,83.0,0.0
MOZ,2016,83.0,39.0
MOZ,2017,83.0,43.0
MOZ,2018,83.0,48.0
MOZ,2019,83.0,55.0
MOZ,2020,73.0,47.0
MOZ,2021,62.0,38.0
MOZ,2022,63.0,38.0
MOZ,2023,65.0,44.0
MOZ,2024,65.0,44.0
MOZ,2025,65.0,44.0
MRT,2000,46.0,0.0
MRT,2001,58.0,0.0
MRT,2002,87.0,0.0
MRT,2003,84.0,0.0
MRT,2004,73.0,0.0
MRT,2005,65.0,0.0
MRT,2006,62.0,0.0
MRT,2007,67.0,0.0
MRT,2008,65.0,0.0
MRT,2009,59.0,0.0
MRT,2010,67.0,0.0
MRT,2011,67.0,0.0
MRT,2012,75.0,0.0
MRT,2013,80.0,0.0
MRT,2014,75.0,0.0
MRT,2015,70.0,0.0
MRT,2016,73.0,0.0
MRT,2017,75.0,0.0
MRT,2018,78.0,0.0
MRT,2019,75.0,0.0
MRT,2020,82.0,0.0
MRT,2021,75.0,0.0
MRT,2022,84.0,0.0
MRT,2023,92.0,24.0
MRT,2024,93.0,59.0
MRT,2025,93.0,59.0
MUS,2000,84.0,0.0
MUS,2001,90.0,0.0
MUS,2002,84.0,0.0
MUS,2003,91.0,0.0
MUS,2004,98.0,80.0
MUS,2005,98.0,78.0
MUS,2006,99.0,85.0
MUS,2007,98.0,80.0
MUS,2008,98.0,83.0
MUS,2009,99.0,85.0
MUS,2010,99.0,90.0
MUS,2011,99.0,89.0
MUS,2012,99.0,90.0
MUS,2013,99.0,85.0
MUS,2014,98.0,85.0
MUS,2015,99.0,96.0
MUS,2016,92.0,92.0
MUS,2017,89.0,95.0
MUS,2018,99.0,99.0
MUS,2019,99.0,99.0
MUS,2020,98.0,98.0
MUS,2021,97.0,93.0
MUS,2022,98.0,93.0
MUS,2023,96.0,94.0
MUS,2024,98.0,96.0
MUS,2025,97.0,93.0
MWI,2000,73.0,0.0
MWI,2001,81.0,0.0
MWI,2002,69.0,0.0
MWI,2003,77.0,0.0
MWI,2004,80.0,0.0
MWI,2005,82.0,0.0
MWI,2006,85.0,0.0
MWI,2007,83.0,0.0
MWI,2008,88.0,0.0
MWI,2009,92.0,0.0
MWI,2010,93.0,0.0
MWI,2011,96.0,0.0
MWI,2012,90.0,0.0
MWI,2013,88.0,0.0
MWI,2014,85.0,0.0
MWI,2015,87.0,8.0
MWI,2016,81.0,61.0
MWI,2017,83.0,67.0
MWI,2018,87.0,72.0
MWI,2019,92.0,75.0
MWI,2020,90.0,75.0
MWI,2021,90.0,74.0
MWI,2022,82.0,60.0
MWI,2023,87.0,65.0
MWI,2024,89.0,69.0
MWI,2025,88.0,68.0
NAM,2000,69.0,0.0
NAM,2001,58.0,0.0
NAM,2002,68.0,0.0
NAM,2003,70.0,0.0
NAM,2004,70.0,0.0
NAM,2005,73.0,0.0
NAM,2006,63.0,0.0
NAM,2007,69.0,0.0
NAM,2008,73.0,0.0
NAM,2009,76.0,0.0
NAM,2010,75.0,0.0
NAM,2011,74.0,0.0
NAM,2012,76.0,0.0
NAM,2013,82.0,0.0
NAM,2014,83.0,0.0
NAM,2015,85.0,0.0
NAM,2016,75.0,0.0
NAM,2017,80.0,32.0
NAM,2018,82.0,50.0
NAM,2019,80.0,56.0
NAM,2020,90.0,63.0
NAM,2021,91.0,56.0
NAM,2022,89.0,79.0
NAM,2023,86.0,62.0
NAM,2024,79.0,66.0
NAM,2025,84.0,67.0
NER,2000,37.0,0.0
NER,2001,39.0,0.0
NER,2002,41.0,0.0
NER,2003,43.0,0.0
NER,2004,45.0,0.0
NER,2005,47.0,0.0
NER,2006,53.0,0.0
NER,2007,60.0,0.0
NER,2008,66.0,0.0
NER,2009,69.0,0.0
NER,2010,67.0,0.0
NER,2011,69.0,0.0
NER,2012,75.0,0.0
NER,2013,80.0,0.0
NER,2014,80.0,3.0
NER,2015,85.0,16.0
NER,2016,76.0,31.0
NER,2017,82.0,46.0
NER,2018,77.0,48.0
NER,2019,79.0,58.0
NER,2020,79.0,60.0
NER,2021,80.0,66.0
NER,2022,65.0,42.0
NER,2023,80.0,68.0
NER,2024,81.0,77.0
NER,2025,82.0,80.0
NGA,2000,33.0,0.0
NGA,2001,32.0,0.0
NGA,2002,30.0,0.0
NGA,2003,34.0,0.0
NGA,2004,37.0,0.0
NGA,2005,41.0,0.0
NGA,2006,44.0,0.0
NGA,2007,41.0,0.0
NGA,2008,53.0,0.0
NGA,2009,64.0,0.0
NGA,2010,56.0,0.0
NGA,2011,49.0,0.0
NGA,2012,42.0,0.0
NGA,2013,43.0,0.0
NGA,2014,44.0,0.0
NGA,2015,42.0,0.0
NGA,2016,48.0,0.0
NGA,2017,54.0,0.0
NGA,2018,56.0,0.0
NGA,2019,58.0,9.0
NGA,2020,60.0,16.0
NGA,2021,48.0,23.0
NGA,2022,51.0,30.0
NGA,2023,54.0,33.0
NGA,2024,57.0,35.0
NGA,2025,56.0,35.0
RWA,2000,74.0,0.0
RWA,2001,69.0,0.0
RWA,2002,69.0,0.0
RWA,2003,90.0,0.0
RWA,2004,84.0,0.0
RWA,2005,89.0,0.0
RWA,2006,95.0,0.0
RWA,2007,94.0,0.0
RWA,2008,92.0,0.0
RWA,2009,95.0,0.0
RWA,2010,95.0,0.0
RWA,2011,95.0,0.0
RWA,2012,97.0,0.0
RWA,2013,95.0,0.0
RWA,2014,97.0,0.0
RWA,2015,96.0,87.0
RWA,2016,95.0,90.0
RWA,2017,97.0,95.0
RWA,2018,99.0,96.0
RWA,2019,96.0,92.0
RWA,2020,94.0,91.0
RWA,2021,87.0,85.0
RWA,2022,99.0,91.0
RWA,2023,96.0,88.0
RWA,2024,97.0,93.0
RWA,2025,93.0,90.0
SDN,2000,58.0,0.0
SDN,2001,58.0,0.0
SDN,2002,58.0,0.0
SDN,2003,65.0,0.0
SDN,2004,67.0,0.0
SDN,2005,69.0,0.0
SDN,2006,73.0,0.0
SDN,2007,79.0,0.0
SDN,2008,79.0,0.0
SDN,2009,82.0,0.0
SDN,2010,90.0,0.0
SDN,2011,87.0,0.0
SDN,2012,85.0,24.0
SDN,2013,85.0,57.0
SDN,2014,86.0,61.0
SDN,2015,87.0,69.0
SDN,2016,87.0,69.0
SDN,2017,90.0,72.0
SDN,2018,88.0,72.0
SDN,2019,90.0,74.0
SDN,2020,86.0,68.0
SDN,2021,81.0,63.0
SDN,2022,80.0,63.0
SDN,2023,51.0,38.0
SDN,2024,46.0,36.0
SDN,2025,68.0,56.0
SEN,2000,48.0,0.0
SEN,2001,48.0,0.0
SEN,2002,54.0,0.0
SEN,2003,60.0,0.0
SEN,2004,57.0,0.0
SEN,2005,74.0,0.0
SEN,2006,80.0,0.0
SEN,2007,84.0,0.0
SEN,2008,77.0,0.0
SEN,2009,79.0,0.0
SEN,2010,81.0,0.0
SEN,2011,84.0,0.0
SEN,2012,83.0,0.0
SEN,2013,84.0,0.0
SEN,2014,80.0,13.0
SEN,2015,80.0,54.0
SEN,2016,93.0,57.0
SEN,2017,90.0,59.0
SEN,2018,86.0,62.0
SEN,2019,86.0,63.0
SEN,2020,82.0,63.0
SEN,2021,88.0,64.0
SEN,2022,87.0,69.0
SEN,2023,87.0,74.0
SEN,2024,87.0,79.0
SEN,2025,92.0,78.0
SLE,2000,37.0,0.0
SLE,2001,50.0,0.0
SLE,2002,62.0,0.0
SLE,2003,73.0,0.0
SLE,2004,76.0,0.0
SLE,2005,71.0,0.0
SLE,2006,65.0,0.0
SLE,2007,60.0,0.0
SLE,2008,73.0,0.0
SLE,2009,80.0,0.0
SLE,2010,82.0,0.0
SLE,2011,84.0,0.0
SLE,2012,86.0,0.0
SLE,2013,85.0,0.0
SLE,2014,80.0,0.0
SLE,2015,78.0,60.0
SLE,2016,85.0,50.0
SLE,2017,80.0,55.0
SLE,2018,87.0,64.0
SLE,2019,93.0,72.0
SLE,2020,87.0,67.0
SLE,2021,87.0,67.0
SLE,2022,90.0,73.0
SLE,2023,90.0,73.0
SLE,2024,90.0,73.0
SLE,2025,90.0,73.0
SOM,2000,24.0,0.0
SOM,2001,20.0,0.0
SOM,2002,45.0,0.0
SOM,2003,40.0,0.0
SOM,2004,40.0,0.0
SOM,2005,35.0,0.0
SOM,2006,35.0,0.0
SOM,2007,35.0,0.0
SOM,2008,34.0,0.0
SOM,2009,43.0,0.0
SOM,2010,46.0,0.0
SOM,2011,46.0,0.0
SOM,2012,46.0,0.0
SOM,2013,47.0,0.0
SOM,2014,48.0,0.0
SOM,2015,50.0,0.0
SOM,2016,51.0,0.0
SOM,2017,52.0,0.0
SOM,2018,53.0,0.0
SOM,2019,52.0,0.0
SOM,2020,52.0,0.0
SOM,2021,58.0,3.0
SOM,2022,69.0,6.0
SOM,2023,63.0,18.0
SOM,2024,64.0,32.0
SOM,2025,61.0,31.0
SSD,2011,62.0,0.0
SSD,2012,59.0,0.0
SSD,2013,57.0,0.0
SSD,2014,54.0,0.0
SSD,2015,52.0,0.0
SSD,2016,51.0,0.0
SSD,2017,56.0,0.0
SSD,2018,61.0,0.0
SSD,2019,65.0,0.0
SSD,2020,69.0,0.0
SSD,2021,74.0,0.0
SSD,2022,72.0,0.0
SSD,2023,72.0,0.0
SSD,2024,72.0,0.0
SSD,2025,72.0,7.0
STP,2000,69.0,0.0
STP,2001,75.0,0.0
STP,2002,85.0,0.0
STP,2003,87.0,0.0
STP,2004,91.0,0.0
STP,2005,88.0,0.0
STP,2006,85.0,0.0
STP,2007,86.0,0.0
STP,2008,93.0,0.0
STP,2009,90.0,0.0
STP,2010,92.0,0.0
STP,2011,91.0,0.0
STP,2012,92.0,0.0
STP,2013,91.0,0.0
STP,2014,92.0,71.0
STP,2015,93.0,76.0
STP,2016,93.0,76.0
STP,2017,90.0,76.0
STP,2018,95.0,76.0
STP,2019,95.0,81.0
STP,2020,86.0,75.0
STP,2021,77.0,69.0
STP,2022,82.0,80.0
STP,2023,87.0,87.0
STP,2024,87.0,87.0
STP,2025,87.0,87.0
SWZ,2000,92.0,0.0
SWZ,2001,93.0,0.0
SWZ,2002,93.0,96.0
SWZ,2003,93.0,96.0
SWZ,2004,93.0,96.0
SWZ,2005,93.0,96.0
SWZ,2006,93.0,96.0
SWZ,2007,94.0,96.0
SWZ,2008,94.0,96.0
SWZ,2009,94.0,96.0
SWZ,2010,94.0,96.0
SWZ,2011,87.0,81.0
SWZ,2012,88.0,52.0
SWZ,2013,97.0,89.0
SWZ,2014,97.0,89.0
SWZ,2015,89.0,83.0
SWZ,2016,89.0,76.0
SWZ,2017,89.0,70.0
SWZ,2018,85.0,75.0
SWZ,2019,81.0,75.0
SWZ,2020,76.0,70.0
SWZ,2021,80.0,69.0
SWZ,2022,83.0,77.0
SWZ,2023,85.0,82.0
SWZ,2024,85.0,86.0
SWZ,2025,88.0,87.0
SYC,2000,97.0,0.0
SYC,2001,95.0,98.0
SYC,2002,98.0,99.0
SYC,2003,99.0,99.0
SYC,2004,99.0,99.0
SYC,2005,99.0,99.0
SYC,2006,99.0,99.0
SYC,2007,99.0,99.0
SYC,2008,99.0,98.0
SYC,2009,97.0,99.0
SYC,2010,99.0,98.0
SYC,2011,99.0,99.0
SYC,2012,98.0,99.0
SYC,2013,97.0,97.0
SYC,2014,99.0,98.0
SYC,2015,98.0,98.0
SYC,2016,97.0,99.0
SYC,2017,99.0,99.0
SYC,2018,96.0,97.0
SYC,2019,99.0,99.0
SYC,2020,97.0,99.0
SYC,2021,94.0,86.0
SYC,2022,98.0,98.0
SYC,2023,93.0,89.0
SYC,2024,97.0,88.0
SYC,2025,98.0,97.0
TCD,2000,28.0,0.0
TCD,2001,26.0,0.0
TCD,2002,25.0,0.0
TCD,2003,23.0,0.0
TCD,2004,16.0,0.0
TCD,2005,27.0,0.0
TCD,2006,39.0,0.0
TCD,2007,31.0,0.0
TCD,2008,27.0,0.0
TCD,2009,36.0,0.0
TCD,2010,46.0,0.0
TCD,2011,54.0,0.0
TCD,2012,63.0,0.0
TCD,2013,57.0,0.0
TCD,2014,45.0,0.0
TCD,2015,46.0,0.0
TCD,2016,37.0,0.0
TCD,2017,37.0,0.0
TCD,2018,41.0,0.0
TCD,2019,40.0,0.0
TCD,2020,45.0,0.0
TCD,2021,53.0,0.0
TCD,2022,54.0,2.0
TCD,2023,63.0,35.0
TCD,2024,68.0,43.0
TCD,2025,68.0,52.0
TGO,2000,58.0,0.0
TGO,2001,40.0,0.0
TGO,2002,48.0,0.0
TGO,2003,68.0,0.0
TGO,2004,70.0,0.0
TGO,2005,70.0,0.0
TGO,2006,78.0,0.0
TGO,2007,71.0,0.0
TGO,2008,63.0,0.0
TGO,2009,66.0,0.0
TGO,2010,68.0,0.0
TGO,2011,72.0,0.0
TGO,2012,72.0,0.0
TGO,2013,72.0,0.0
TGO,2014,77.0,0.0
TGO,2015,75.0,0.0
TGO,2016,73.0,0.0
TGO,2017,79.0,0.0
TGO,2018,75.0,0.0
TGO,2019,81.0,55.0
TGO,2020,76.0,48.0
TGO,2021,80.0,52.0
TGO,2022,82.0,59.0
TGO,2023,79.0,60.0
TGO,2024,81.0,58.0
TGO,2025,81.0,58.0
TUN,2000,95.0,98.0
TUN,2001,92.0,99.0
TUN,2002,94.0,98.0
TUN,2003,90.0,99.0
TUN,2004,95.0,99.0
TUN,2005,96.0,99.0
TUN,2006,98.0,98.0
TUN,2007,98.0,98.0
TUN,2008,98.0,99.0
TUN,2009,98.0,97.0
TUN,2010,97.0,98.0
TUN,2011,96.0,96.0
TUN,2012,96.0,96.0
TUN,2013,94.0,98.0
TUN,2014,98.0,95.0
TUN,2015,98.0,98.0
TUN,2016,96.0,97.0
TUN,2017,98.0,97.0
TUN,2018,96.0,99.0
TUN,2019,98.0,97.0
TUN,2020,98.0,96.0
TUN,2021,95.0,98.0
TUN,2022,95.0,98.0
TUN,2023,96.0,97.0
TUN,2024,96.0,97.0
TUN,2025,96.0,97.0
TZA,2000,78.0,0.0
TZA,2001,86.0,0.0
TZA,2002,89.0,0.0
TZA,2003,97.0,0.0
TZA,2004,94.0,0.0
TZA,2005,91.0,0.0
TZA,2006,93.0,0.0
TZA,2007,90.0,0.0
TZA,2008,88.0,0.0
TZA,2009,91.0,0.0
TZA,2010,92.0,0.0
TZA,2011,93.0,0.0
TZA,2012,97.0,0.0
TZA,2013,99.0,0.0
TZA,2014,97.0,29.0
TZA,2015,95.0,53.0
TZA,2016,83.0,63.0
TZA,2017,90.0,67.0
TZA,2018,88.0,68.0
TZA,2019,89.0,70.0
TZA,2020,87.0,64.0
TZA,2021,80.0,60.0
TZA,2022,84.0,74.0
TZA,2023,84.0,74.0
TZA,2024,84.0,74.0
TZA,2025,84.0,74.0
UGA,2000,57.0,0.0
UGA,2001,59.0,0.0
UGA,2002,62.0,0.0
UGA,2003,64.0,0.0
UGA,2004,66.0,0.0
UGA,2005,68.0,0.0
UGA,2006,75.0,0.0
UGA,2007,75.0,0.0
UGA,2008,70.0,0.0
UGA,2009,77.0,0.0
UGA,2010,73.0,0.0
UGA,2011,75.0,0.0
UGA,2012,80.0,0.0
UGA,2013,83.0,0.0
UGA,2014,85.0,0.0
UGA,2015,79.0,0.0
UGA,2016,79.0,0.0
UGA,2017,83.0,0.0
UGA,2018,86.0,0.0
UGA,2019,87.0,0.0
UGA,2020,89.0,0.0
UGA,2021,90.0,0.0
UGA,2022,91.0,49.0
UGA,2023,91.0,21.0
UGA,2024,92.0,50.0
UGA,2025,92.0,66.0
ZAF,2000,72.0,62.0
ZAF,2001,69.0,54.0
ZAF,2002,65.0,46.0
ZAF,2003,62.0,52.0
ZAF,2004,63.0,51.0
ZAF,2005,64.0,48.0
ZAF,2006,69.0,53.0
ZAF,2007,68.0,49.0
ZAF,2008,73.0,54.0
ZAF,2009,77.0,63.0
ZAF,2010,72.0,55.0
ZAF,2011,77.0,54.0
ZAF,2012,79.0,53.0
ZAF,2013,78.0,50.0
ZAF,2014,84.0,55.0
ZAF,2015,86.0,59.0
ZAF,2016,84.0,69.0
ZAF,2017,81.0,78.0
ZAF,2018,81.0,75.0
ZAF,2019,83.0,79.0
ZAF,2020,84.0,76.0
ZAF,2021,87.0,82.0
ZAF,2022,86.0,87.0
ZAF,2023,80.0,84.0
ZAF,2024,76.0,82.0
ZAF,2025,66.0,72.0
ZMB,2000,85.0,0.0
ZMB,2001,84.0,0.0
ZMB,2002,84.0,0.0
ZMB,2003,84.0,0.0
ZMB,2004,85.0,0.0
ZMB,2005,85.0,0.0
ZMB,2006,85.0,0.0
ZMB,2007,93.0,0.0
ZMB,2008,87.0,0.0
ZMB,2009,90.0,0.0
ZMB,2010,96.0,0.0
ZMB,2011,83.0,0.0
ZMB,2012,82.0,0.0
ZMB,2013,80.0,0.0
ZMB,2014,85.0,33.0
ZMB,2015,90.0,47.0
ZMB,2016,97.0,58.0
ZMB,2017,96.0,64.0
ZMB,2018,94.0,66.0
ZMB,2019,93.0,70.0
ZMB,2020,96.0,69.0
ZMB,2021,90.0,69.0
ZMB,2022,88.0,70.0
ZMB,2023,86.0,70.0
ZMB,2024,91.0,77.0
ZMB,2025,92.0,79.0
ZWE,2000,75.0,0.0
ZWE,2001,73.0,0.0
ZWE,2002,70.0,0.0
ZWE,2003,68.0,0.0
ZWE,2004,66.0,0.0
ZWE,2005,67.0,0.0
ZWE,2006,68.0,0.0
ZWE,2007,69.0,0.0
ZWE,2008,70.0,0.0
ZWE,2009,76.0,0.0
ZWE,2010,90.0,0.0
ZWE,2011,92.0,0.0
ZWE,2012,97.0,0.0
ZWE,2013,93.0,0.0
ZWE,2014,92.0,0.0
ZWE,2015,86.0,0.0
ZWE,2016,95.0,63.0
ZWE,2017,90.0,78.0
ZWE,2018,88.0,78.0
ZWE,2019,85.0,75.0
ZWE,2020,85.0,74.0
ZWE,2021,88.0,76.0
ZWE,2022,90.0,77.0
ZWE,2023,90.0,77.0
ZWE,2024,90.0,78.0
ZWE,2025,90.0,78.0
