iso3,subregion,period,cases,epidemic_threshold,outbreak_now,mcv1,mcv2,ivr_score,usual_same_month,possibly_incomplete,p_A,p_B,p_ensemble,risk,alert,data_age_months,stale,country
ZAF,Afrique australe,2026-08,578.0,1176.3463838068678,0.0,66.0,72.0,32.7692,147.3,0,0.180665780261219,0.34370813,0.26218695399913217,Modéré,1,1,0,Afrique du Sud
SLE,Afrique de l'Ouest,2025-10,3.0,16.818406322513816,0.0,90.0,73.0,45.0293,2.0,0,0.12589548176982907,0.32626852,0.22608200285066618,Modéré,1,11,1,Sierra Leone
EGY,Afrique du Nord,2025-12,6.0,25.748945905333898,0.0,97.0,96.0,18.3986,13.0,0,0.2586786643669815,0.1925627,0.22562068184245682,Modéré,1,9,1,Égypte
ZMB,Afrique australe,2026-07,46.0,73.89666444637916,0.0,92.0,79.0,44.1487,29.0,0,0.12020546818844592,0.31630358,0.21825452459391015,Modéré,1,2,0,Zambie
MLI,Afrique de l'Ouest,2026-08,19.0,53.1414335695748,0.0,68.0,52.0,55.3616,10.3,0,0.12425060780126378,0.19369516,0.15897288278380298,Modéré,0,1,0,Mali
TZA,Afrique de l'Est,2026-08,16.0,53.753161278855046,0.0,84.0,74.0,48.7061,46.3,0,0.12150553837200978,0.17395568,0.14773060865591456,Faible,0,1,0,Tanzanie
DJI,Afrique de l'Est,2026-08,3.0,10.51631222777754,0.0,75.0,58.0,39.3011,0.0,0,0.07490872703375195,0.1633026,0.11910566370875525,Faible,0,1,0,Djibouti
MOZ,Afrique australe,2026-08,115.0,290.8376244049569,0.0,65.0,44.0,66.5752,92.3,0,0.13461734425540303,0.06055266,0.09758500231561827,Faible,0,1,0,Mozambique
ERI,Afrique de l'Est,2026-04,2.0,10.0,0.0,93.0,89.0,49.1056,5.3,0,0.03857547605364944,0.13597696,0.08727621567412926,Faible,0,5,1,Érythrée
TUN,Afrique du Nord,2026-07,6.0,10.0,0.0,96.0,97.0,10.106,2.3,0,0.08060424338186205,0.07288899,0.07674661805433244,Faible,0,2,0,Tunisie
COM,Afrique de l'Est,2026-06,2.0,10.0,0.0,70.0,70.0,40.8752,0.0,0,0.07825029399017147,0.05766561,0.06795795140673544,Faible,0,3,0,Comores
ETH,Afrique de l'Est,2026-08,61.0,1355.4134531371426,0.0,77.0,72.0,53.3551,952.0,1,0.07646238321470882,0.05653014,0.06649626177751852,Faible,0,1,0,Éthiopie
BDI,Afrique centrale,2026-08,84.0,265.1254347820688,0.0,86.0,80.0,61.3418,98.7,0,0.06372961270411061,0.06722512,0.06547736683288835,Faible,0,1,0,Burundi
ZWE,Afrique australe,2026-07,102.0,281.84447853344375,0.0,90.0,78.0,39.0637,1.5,0,0.07480964516441985,0.04989575,0.062352696830237725,Faible,0,2,0,Zimbabwe
DZA,Afrique du Nord,2026-08,7.0,93.59556223240496,0.0,96.0,92.0,10.8783,15.7,0,0.06777262558780306,0.050515052,0.05914383875947293,Faible,0,1,0,Algérie
UGA,Afrique de l'Est,2026-08,31.0,148.15914239822962,0.0,92.0,66.0,46.949,67.3,0,0.07578018941290601,0.03658228,0.05618123468164317,Faible,0,1,0,Ouganda
RWA,Afrique de l'Est,2026-08,108.0,885.7158019691751,0.0,93.0,90.0,39.6514,36.3,0,0.05240628854279462,0.05625619,0.05433123924257727,Faible,0,1,0,Rwanda
BEN,Afrique de l'Ouest,2026-08,2.0,113.1644960227354,0.0,49.0,23.0,67.5909,19.0,0,0.052817186960923856,0.03989409,0.046355638031834456,Faible,0,1,0,Bénin
BFA,Afrique de l'Ouest,2026-08,13.0,182.3636439689465,0.0,88.0,65.0,43.6893,46.7,0,0.041529239235436076,0.05008954,0.04580939052905399,Faible,0,1,0,Burkina Faso
GAB,Afrique centrale,2026-08,0.0,10.0,0.0,56.0,0.0,47.0421,0.7,0,0.05041380743015155,0.040230945,0.04532237609142237,Faible,0,1,0,Gabon
SDN,Afrique de l'Est,2026-08,206.0,1288.1315337168594,0.0,68.0,56.0,54.0892,272.3,0,0.07433392282950997,0.013696716,0.044015319498271345,Faible,0,1,0,Soudan
COD,Afrique centrale,2026-08,60.0,946.7467258800224,0.0,55.0,51.0,72.8703,488.0,1,0.07615476199233813,0.011616355,0.04388555840027473,Faible,0,1,0,RD Congo
GNQ,Afrique centrale,2026-08,1.0,24.622521019788817,0.0,62.0,53.0,44.1448,1.0,0,0.06513584888514536,0.021682627,0.04340923819212445,Faible,0,1,0,Guinée équatoriale
GMB,Afrique de l'Ouest,2026-08,1.0,10.0,0.0,78.0,78.0,42.0051,2.0,0,0.05603994611432563,0.030403424,0.043221685084354936,Faible,0,1,0,Gambie
LSO,Afrique australe,2026-07,2.0,10.0,0.0,80.0,70.0,46.2675,0.0,0,0.04781323621647794,0.03420155,0.04100739372261981,Faible,0,2,0,Lesotho
KEN,Afrique de l'Est,2026-07,13.0,131.6997335512561,0.0,80.0,81.0,38.8807,63.7,1,0.04551961471403296,0.0347282,0.040123906978789245,Faible,0,2,0,Kenya
BWA,Afrique australe,2026-08,0.0,10.0,0.0,83.0,66.0,27.6487,0.3,0,0.07054528170805578,0.006257867,0.03840157434148791,Faible,0,1,0,Botswana
SWZ,Afrique australe,2026-07,0.0,10.0,0.0,88.0,87.0,29.4845,0.0,0,0.04995436493584341,0.020186776,0.03507057061557385,Faible,0,2,0,Eswatini
MWI,Afrique australe,2026-08,19.0,207.9352248870933,0.0,88.0,68.0,51.8076,25.3,0,0.055226124470344695,0.014315712,0.0347709183680075,Faible,0,1,0,Malawi
CIV,Afrique de l'Ouest,2026-07,18.0,201.4088125321275,0.0,58.0,49.0,51.4468,101.7,1,0.05300586245357025,0.014735155,0.033870508630568924,Faible,0,2,0,Côte d'Ivoire
GIN,Afrique de l'Ouest,2026-08,5.0,139.37863208205732,0.0,62.0,47.0,56.0878,13.7,0,0.05000692379060241,0.012851692,0.031429307797714336,Faible,0,1,0,Guinée
SEN,Afrique de l'Ouest,2026-08,1.0,40.94978428326176,0.0,92.0,78.0,33.9038,10.3,0,0.02989353734945548,0.03283869,0.03136611418771392,Faible,0,1,0,Sénégal
SOM,Afrique de l'Est,2026-07,39.0,238.78775795294013,0.0,61.0,31.0,68.5569,116.7,0,0.05264117399284249,0.009292538,0.03096685613532367,Faible,0,2,0,Somalie
MDG,Afrique de l'Est,2026-08,38.0,1363.6858176264404,0.0,49.0,41.0,73.9808,115.0,0,0.0466594457811867,0.011785831,0.02922263854179555,Faible,0,1,0,Madagascar
AGO,Afrique australe,2026-08,141.0,2074.699930938364,0.0,71.0,46.0,60.8316,845.0,1,0.052754339806413426,0.005679718,0.029217029012578614,Faible,0,1,0,Angola
NAM,Afrique australe,2026-08,0.0,93.34751348081078,0.0,84.0,67.0,28.5204,7.7,0,0.017588285860709256,0.0385919,0.028090092419232878,Faible,0,1,0,Namibie
MAR,Afrique du Nord,2026-07,2.0,142.69446032726108,0.0,98.0,98.0,14.8632,28.7,1,0.04705406556307499,0.004616088,0.025835076665650925,Faible,0,2,0,Maroc
TCD,Afrique centrale,2026-04,10.0,198.9488130659143,0.0,68.0,52.0,61.3414,148.7,1,0.041680958833896664,0.0055806767,0.02363081777672149,Faible,0,5,1,Tchad
MRT,Afrique du Nord,2025-06,4.0,98.9441751249418,0.0,93.0,59.0,35.8172,4.7,0,0.03955312699017716,0.0063653197,0.02295922335206366,Faible,0,15,1,Mauritanie
GNB,Afrique de l'Ouest,2025-04,0.0,11.064725920622513,0.0,76.0,45.0,54.4849,3.3,0,0.017366044210835006,0.026427543,0.02189679350080277,Faible,0,17,1,Guinée-Bissau
LBY,Afrique du Nord,2026-07,1.0,31.349725956693987,0.0,93.0,85.0,8.4811,24.3,1,0.028913094271948006,0.011809358,0.020361226322616173,Faible,0,2,0,Libye
CMR,Afrique centrale,2026-08,19.0,2057.211108275922,0.0,75.0,66.0,47.8889,119.3,1,0.025136511055188222,0.014649599,0.019893054957219384,Faible,0,1,0,Cameroun
COG,Afrique centrale,2026-07,8.0,144.76082687006178,0.0,85.0,63.0,37.6896,24.7,0,0.02820869022239871,0.010643966,0.019426327893533442,Faible,0,2,0,Congo
SSD,Afrique de l'Est,2025-04,3.0,826.9748952333877,0.0,72.0,0.0,69.0759,119.3,1,0.029946794701797317,0.0080714,0.01900909746347991,Faible,0,17,1,Soudan du Sud
LBR,Afrique de l'Ouest,2026-07,11.0,158.78445784471347,0.0,82.0,60.0,47.3912,102.3,1,0.021041408149081814,0.014844097,0.017942752673068815,Faible,0,2,0,Libéria
GHA,Afrique de l'Ouest,2026-05,0.0,493.62689450074765,0.0,93.0,92.0,30.3842,358.3,1,0.007554670707915183,0.020696566,0.014125618108378826,Faible,0,4,1,Ghana
CAF,Afrique centrale,2026-08,1.0,373.0295630020916,0.0,44.0,0.0,85.3212,42.3,1,0.022194575462402954,0.0032950053,0.012744790380776949,Faible,0,1,0,République centrafricaine
NER,Afrique de l'Ouest,2026-08,1.0,324.48131342491934,0.0,82.0,80.0,61.9578,17.3,0,0.017856154542261332,0.006418018,0.01213708633921741,Faible,0,1,0,Niger
TGO,Afrique de l'Ouest,2026-08,0.0,206.7332495699124,0.0,81.0,58.0,48.2683,19.0,0,0.014365197532503714,0.0039815437,0.009173370618685539,Faible,0,1,0,Togo
NGA,Afrique de l'Ouest,2026-05,1.0,3386.575684232601,0.0,56.0,35.0,68.4839,2121.0,1,0.01176911986326078,0.0044328454,0.008100982629159587,Faible,0,4,1,Nigéria
